Year,Month,DayofMonth,DayOfWeek,DepTime,CRSDepTime,ArrTime,CRSArrTime,UniqueCarrier,FlightNum,TailNum,ActualElapsedTime,CRSElapsedTime,AirTime,ArrDelay,DepDelay,Origin,Dest,Distance,TaxiIn,TaxiOut,Cancelled,CancellationCode,Diverted,CarrierDelay,WeatherDelay,NASDelay,SecurityDelay,LateAircraftDelay
2008,2,9,6,1652,1655,1812,1815,WN,2300,N378SW,80,80,69,-3,-3,OKC,STL,462,4,7,0,,0,NA,NA,NA,NA,NA
2008,6,29,7,900,900,1453,1502,UA,106,N548UA,233,242,213,-9,0,LAX,ORD,1745,6,14,0,,0,NA,NA,NA,NA,NA
2008,9,5,5,924,915,1008,1010,MQ,3351,N688AE,44,55,27,-2,9,DFW,CLL,164,4,13,0,,0,NA,NA,NA,NA,NA
2008,5,28,3,1733,1735,1829,1830,WN,121,N664WN,56,55,44,-1,-2,JAX,TPA,180,3,9,0,,0,NA,NA,NA,NA,NA
2008,11,1,6,935,916,1120,1059,UA,1425,N445UA,105,103,80,21,19,LAS,SFO,414,7,18,0,,0,0,0,21,0,0
2008,8,27,3,632,630,725,725,WN,2,N742SW,53,55,41,0,2,HOU,DAL,239,4,8,0,,0,NA,NA,NA,NA,NA
2008,1,10,4,724,730,809,810,YV,1001,N646BR,45,40,29,-1,-6,HNL,KOA,163,4,12,0,,0,NA,NA,NA,NA,NA
2008,2,20,3,1520,1501,1614,1600,OO,5949,N937SW,54,59,37,14,19,GJT,DEN,212,4,13,0,,0,NA,NA,NA,NA,NA
2008,10,3,5,1201,1205,1257,1300,MQ,4212,N686MQ,56,55,34,-3,-4,ORD,CID,196,3,19,0,,0,NA,NA,NA,NA,NA
2008,6,11,3,655,700,929,948,AS,254,N775AS,154,168,126,-19,-5,SEA,LAX,954,7,21,0,,0,NA,NA,NA,NA,NA
2008,4,19,6,1007,955,1110,1105,WN,1851,N486WN,63,70,50,5,12,BUR,OAK,325,5,8,0,,0,NA,NA,NA,NA,NA
2008,11,4,2,1830,1815,2020,2025,WN,267,N643SW,110,130,97,-5,15,STL,HOU,687,4,9,0,,0,NA,NA,NA,NA,NA
2008,11,1,6,1117,1018,1216,1127,OO,5494,N294SW,59,69,42,49,59,SFO,RDD,199,3,14,0,,0,0,0,0,0,49
2008,4,4,5,908,842,1049,951,OO,6336,N770SK,101,69,88,58,26,RNO,SFO,192,3,10,0,,0,26,0,32,0,0
2008,4,11,5,600,600,848,845,WN,2716,N317WN,108,105,87,3,0,MDW,BWI,611,5,16,0,,0,NA,NA,NA,NA,NA
2008,9,11,4,1457,1455,1604,1600,WN,193,N504SW,247,245,230,4,2,SDF,LAS,1624,8,9,0,,0,NA,NA,NA,NA,NA
2008,6,24,2,604,600,750,748,DL,852,N3762Y,106,108,81,2,4,FLL,ATL,581,10,15,0,,0,NA,NA,NA,NA,NA
2008,6,26,4,1333,1305,1512,1440,WN,969,N727SW,219,215,200,32,28,MDW,PHX,1444,6,13,0,,0,25,0,4,0,3
2008,1,19,6,550,600,656,723,YV,7093,N37208,66,83,53,-27,-10,CAE,IAD,401,5,8,0,,0,NA,NA,NA,NA,NA
2008,7,11,5,1807,1830,2006,1957,DL,1047,N604DL,299,267,250,9,-23,ATL,SAN,1891,26,23,0,,0,NA,NA,NA,NA,NA
2008,4,4,5,1706,1711,1753,1810,9E,3768,89329E,47,59,29,-17,-5,DTW,CAK,133,6,12,0,,0,NA,NA,NA,NA,NA
2008,9,3,3,2004,2010,2129,2139,OO,3642,N406SW,85,89,60,-10,-6,SLC,HLN,402,3,22,0,,0,NA,NA,NA,NA,NA
2008,5,4,7,1258,1255,1551,1615,AA,1362,N566AA,113,140,95,-24,3,ORD,JFK,740,9,9,0,,0,NA,NA,NA,NA,NA
2008,11,30,7,1538,1525,1640,1640,AA,1215,N5FSAA,62,75,46,0,13,TUL,DFW,237,8,8,0,,0,NA,NA,NA,NA,NA
2008,5,16,5,1201,1200,1311,1300,WN,21,N636WN,70,60,47,11,1,DAL,HOU,239,4,19,0,,0,NA,NA,NA,NA,NA
2008,9,26,5,1355,1200,1602,1426,FL,334,N287AT,127,146,105,96,115,LGA,ATL,761,6,16,0,,0,0,0,0,0,96
2008,7,6,7,1958,1855,2045,1950,WN,1469,N253WN,107,115,90,55,63,DEN,LAS,629,5,12,0,,0,7,0,0,0,48
2008,7,7,1,719,710,833,822,CO,615,N27734,74,72,46,11,9,IAH,DFW,224,10,18,0,,0,NA,NA,NA,NA,NA
2008,5,25,7,2053,2055,2319,2329,CO,467,N37253,266,274,251,-10,-2,IAH,SEA,1874,4,11,0,,0,NA,NA,NA,NA,NA
2008,6,17,2,1509,1505,1622,1633,DL,1299,N397DA,73,88,58,-11,4,RDU,ATL,356,4,11,0,,0,NA,NA,NA,NA,NA
2008,10,6,1,1252,1300,1429,1420,AA,1785,N4WYAA,157,140,118,9,-8,EWR,ORD,719,18,21,0,,0,NA,NA,NA,NA,NA
2008,9,7,7,1203,1205,2018,2025,AA,442,N627AA,315,320,292,-7,-2,SFO,MIA,2585,4,19,0,,0,NA,NA,NA,NA,NA
2008,7,29,2,1424,1425,1519,1533,FL,102,N975AT,115,128,101,-14,-1,ATL,DFW,732,4,10,0,,0,NA,NA,NA,NA,NA
2008,11,30,7,637,610,807,738,US,1197,N749US,90,88,77,29,27,PVD,DCA,357,3,10,0,,0,27,0,2,0,0
2008,5,12,1,1730,1736,1911,1910,US,454,N624AW,221,214,186,1,-6,MSP,PHX,1276,11,24,0,,0,NA,NA,NA,NA,NA
2008,2,20,3,951,958,1041,1033,NW,1283,N783NC,110,95,67,8,-7,GRR,MSP,408,23,20,0,,0,NA,NA,NA,NA,NA
2008,3,24,1,1037,1044,1225,1230,OO,5951,N756SK,108,106,88,-5,-7,MEM,ORD,491,10,10,0,,0,NA,NA,NA,NA,NA
2008,7,15,2,644,645,749,800,WN,1906,N757LV,65,75,51,-11,-1,SJC,ONT,333,3,11,0,,0,NA,NA,NA,NA,NA
2008,4,20,7,1827,1830,2126,2115,YV,7266,N593ML,119,105,75,11,-3,ORD,GSP,577,4,40,0,,0,NA,NA,NA,NA,NA
2008,1,16,3,808,810,1055,1125,AA,431,N380AA,347,375,333,-30,-2,MIA,SFO,2585,4,10,0,,0,NA,NA,NA,NA,NA
2008,3,30,7,1200,1200,1435,1420,WN,291,N421LV,335,320,322,15,0,ORF,LAS,2155,3,10,0,,0,0,0,15,0,0
2008,2,28,4,1154,1115,1333,1305,NW,351,N8960E,99,110,83,28,39,MKE,MEM,556,5,11,0,,0,28,0,0,0,0
2008,11,3,1,1730,1740,2120,2120,AA,1962,N525AA,170,160,151,0,-10,DFW,IAD,1172,8,11,0,,0,NA,NA,NA,NA,NA
2008,10,18,6,1446,1451,1614,1618,OO,5788,N284YV,88,87,66,-4,-5,FAT,LAS,258,7,15,0,,0,NA,NA,NA,NA,NA
2008,8,6,3,1526,1525,1949,2010,AA,740,N298AA,203,225,172,-21,1,DFW,LGA,1389,20,11,0,,0,NA,NA,NA,NA,NA
2008,10,10,5,1045,1045,1255,1301,OO,6760,N917SW,70,76,49,-6,0,ORD,SDF,286,5,16,0,,0,NA,NA,NA,NA,NA
2008,9,14,7,810,815,1434,1453,DL,1028,N630DL,204,218,188,-19,-5,PHX,ATL,1587,5,11,0,,0,NA,NA,NA,NA,NA
2008,8,14,4,1725,1718,1907,1855,XE,7670,N12175,162,157,139,12,7,MCI,SLC,919,4,19,0,,0,NA,NA,NA,NA,NA
2008,9,26,5,1209,1210,1356,1406,9E,3724,88089E,107,116,73,-10,-1,GSP,DTW,508,25,9,0,,0,NA,NA,NA,NA,NA
2008,2,22,5,1152,1153,1318,1348,AS,539,N306AS,146,175,129,-30,-1,DEN,SEA,1024,5,12,0,,0,NA,NA,NA,NA,NA
2008,7,6,7,902,910,1005,1015,NW,613,N327NW,183,185,162,-10,-8,MSP,GEG,1175,5,16,0,,0,NA,NA,NA,NA,NA
2008,6,11,3,1808,1805,1957,2000,AA,1891,N508AA,169,175,148,-3,3,PBI,DFW,1103,12,9,0,,0,NA,NA,NA,NA,NA
2008,8,29,5,1541,1540,1720,1712,US,1915,N945UW,99,92,77,8,1,IND,CLT,428,4,18,0,,0,NA,NA,NA,NA,NA
2008,11,29,6,940,945,1027,1045,WN,3393,N396SW,107,120,91,-18,-5,PHX,RNO,601,4,12,0,,0,NA,NA,NA,NA,NA
2008,8,24,7,1858,1855,1948,1955,WN,337,N789SW,50,60,39,-7,3,STL,MDW,251,5,6,0,,0,NA,NA,NA,NA,NA
2008,7,28,1,1642,1644,2046,2059,CO,558,N16701,184,195,168,-13,-2,IAH,DCA,1208,5,11,0,,0,NA,NA,NA,NA,NA
2008,11,28,5,1313,1315,1415,1415,WN,3188,N354SW,122,120,112,0,-2,HOU,ELP,677,3,7,0,,0,NA,NA,NA,NA,NA
2008,6,6,5,2134,2140,2249,2305,MQ,3144,N821AE,75,85,62,-16,-6,SJC,SAN,417,3,10,0,,0,NA,NA,NA,NA,NA
2008,1,9,3,656,700,923,930,WN,1567,N675AA,147,150,134,-7,-4,AUS,MDW,972,4,9,0,,0,NA,NA,NA,NA,NA
2008,11,26,3,655,700,1015,1025,FL,658,N949AT,140,145,118,-10,-5,SAT,ATL,874,13,9,0,,0,NA,NA,NA,NA,NA
2008,7,1,2,635,640,832,843,US,1434,N450UW,117,123,102,-11,-5,FLL,CLT,631,4,11,0,,0,NA,NA,NA,NA,NA
2008,1,21,1,640,640,1413,1441,US,714,N184US,273,301,255,-28,0,LAX,PHL,2401,8,10,0,,0,NA,NA,NA,NA,NA
2008,3,14,5,1703,1701,1717,1727,9E,5814,84129E,74,86,55,-10,2,DTW,ATW,297,3,16,0,,0,NA,NA,NA,NA,NA
2008,1,6,7,1400,1317,1532,1447,YV,7097,N444YV,92,90,57,45,43,DEN,RAP,301,3,32,0,,0,0,0,0,0,45
2008,1,22,2,1519,1455,1745,1615,MQ,4188,N823AE,206,140,127,90,24,RIC,ORD,642,8,71,0,,0,0,0,69,0,21
2008,6,12,4,843,846,1031,1030,NW,403,N319NB,228,224,209,1,-3,MEM,SAN,1567,3,16,0,,0,NA,NA,NA,NA,NA
2008,1,18,5,955,955,1254,1225,AA,1739,N544AA,239,210,208,29,0,DCA,DFW,1192,10,21,0,,0,0,0,29,0,0
2008,8,14,4,2004,1945,2232,2225,MQ,3917,N695AE,88,100,70,7,19,ORD,ROC,528,3,15,0,,0,NA,NA,NA,NA,NA
2008,11,16,7,1619,1615,1804,1805,MQ,4277,N825MQ,45,50,28,-1,4,ORD,FWA,157,5,12,0,,0,NA,NA,NA,NA,NA
2008,2,28,4,1107,1110,1239,1235,WN,1376,N308SA,92,85,75,4,-3,MSY,DAL,437,2,15,0,,0,NA,NA,NA,NA,NA
2008,7,21,1,625,625,856,900,WN,2896,N790SW,151,155,141,-4,0,PDX,PHX,1009,4,6,0,,0,NA,NA,NA,NA,NA
2008,10,7,2,1410,1410,1534,1538,OO,6477,N955SW,84,88,63,-4,0,SMF,LAX,373,11,10,0,,0,NA,NA,NA,NA,NA
2008,3,18,2,NA,1352,NA,1533,NW,1476,N967N,NA,101,NA,NA,NA,DTW,PVD,614,NA,NA,1,A,0,NA,NA,NA,NA,NA
2008,4,11,5,1059,1100,1216,1205,WN,899,N409WN,77,65,41,11,-1,SNA,LAS,226,6,30,0,,0,NA,NA,NA,NA,NA
2008,11,9,7,1722,1450,2040,1751,B6,711,N587JB,378,361,315,169,152,JFK,LAS,2248,12,51,0,,0,0,0,169,0,0
2008,3,1,6,712,650,1006,955,UA,193,N844UA,354,365,321,11,22,PHL,LAX,2401,21,12,0,,0,NA,NA,NA,NA,NA
2008,4,28,1,1550,1517,1726,1644,XE,2157,N21537,156,147,136,42,33,JAX,IAH,817,6,14,0,,0,0,0,9,0,33
2008,2,5,2,1054,1030,1345,1320,WN,1611,N487WN,111,110,88,25,24,LAS,DEN,629,6,17,0,,0,18,0,1,0,6
2008,12,1,1,2100,2048,2139,2134,OO,5768,N298SW,39,46,28,5,12,PDX,RDM,116,4,7,0,,0,NA,NA,NA,NA,NA
2008,11,18,2,1847,1835,1949,1930,WN,1909,N307SW,62,55,40,19,12,AUS,DAL,189,2,20,0,,0,3,0,7,0,9
2008,10,18,6,1619,1627,1756,1813,NW,1063,N326NB,97,106,78,-17,-8,ALB,DTW,488,11,8,0,,0,NA,NA,NA,NA,NA
2008,5,14,3,1525,1525,1649,1638,OH,5170,N690CA,84,73,46,11,0,CVG,PIT,256,8,30,0,,0,NA,NA,NA,NA,NA
2008,3,15,6,723,730,838,850,OO,2676,N698BR,75,80,59,-12,-7,OMA,MKE,426,5,11,0,,0,NA,NA,NA,NA,NA
2008,9,8,1,553,600,750,810,AA,2320,N278AA,117,130,101,-20,-7,DFW,ORD,802,5,11,0,,0,NA,NA,NA,NA,NA
2008,6,2,1,1404,1256,1547,1441,OO,6726,N750SK,103,105,81,66,68,BOI,DEN,649,12,10,0,,0,0,0,0,0,66
2008,7,23,3,749,750,925,925,WN,1173,N226WN,156,155,143,0,-1,TPA,MDW,997,6,7,0,,0,NA,NA,NA,NA,NA
2008,4,15,2,904,910,1402,1415,AA,2378,N4YRAA,178,185,147,-13,-6,LAX,DFW,1235,10,21,0,,0,NA,NA,NA,NA,NA
2008,11,22,6,1944,1910,2245,2225,WN,1725,N929WN,121,135,106,20,34,DEN,MDW,895,5,10,0,,0,3,0,0,0,17
2008,3,14,5,648,650,748,758,UA,1480,N460UA,60,68,39,-10,-2,LAX,LAS,236,8,13,0,,0,NA,NA,NA,NA,NA
2008,3,2,7,1848,1850,2126,2130,AA,1220,N3CMAA,98,100,81,-4,-2,MSY,MIA,674,7,10,0,,0,NA,NA,NA,NA,NA
2008,5,22,4,1728,1736,1919,1910,US,454,N663AW,231,214,208,9,-8,MSP,PHX,1276,4,19,0,,0,NA,NA,NA,NA,NA
2008,2,10,7,924,928,1221,1234,NW,241,N523US,177,186,152,-13,-4,FLL,DTW,1127,11,14,0,,0,NA,NA,NA,NA,NA
2008,1,15,2,1557,1605,1826,1834,US,475,N640AW,89,89,69,-8,-8,BUR,PHX,369,4,16,0,,0,NA,NA,NA,NA,NA
2008,9,29,1,1217,1220,1729,1723,NW,884,N359NW,192,183,173,6,-3,TUS,MSP,1298,9,10,0,,0,NA,NA,NA,NA,NA
2008,4,29,2,1608,1610,1732,1731,OO,6039,N970SW,84,81,66,1,-2,LAX,SMF,373,3,15,0,,0,NA,NA,NA,NA,NA
2008,5,27,2,1333,1336,1607,1610,FL,280,N960AT,154,154,140,-3,-3,ATL,BOS,946,5,9,0,,0,NA,NA,NA,NA,NA
2008,5,26,1,1747,1750,2044,2005,B6,309,N618JB,357,315,319,39,-3,IAD,SAN,2253,2,36,0,,0,0,0,39,0,0
2008,10,31,5,1648,1650,1905,1909,OO,5994,N740SK,77,79,47,-4,-2,ORD,DTW,235,9,21,0,,0,NA,NA,NA,NA,NA
2008,10,21,2,2131,2140,2141,2140,OO,2833,N498CA,70,60,47,1,-9,IND,MKE,238,6,17,0,,0,NA,NA,NA,NA,NA
2008,9,9,2,1714,1340,1913,1557,XE,2763,N29906,119,137,75,196,214,BGR,EWR,393,23,21,0,,0,0,196,0,0,0
2008,3,3,1,1318,1319,1431,1436,OO,5478,N562SW,73,77,60,-5,-1,ACV,SFO,250,3,10,0,,0,NA,NA,NA,NA,NA
2008,11,6,4,554,605,652,701,US,974,N732US,58,56,34,-9,-11,RDU,CLT,130,4,20,0,,0,NA,NA,NA,NA,NA
2008,1,31,4,NA,2040,NA,2240,WN,380,,NA,60,NA,NA,NA,LAS,PHX,256,NA,NA,1,B,0,NA,NA,NA,NA,NA
2008,9,24,3,1158,1205,1753,1802,UA,122,N824UA,235,237,216,-9,-7,LAX,ORD,1745,6,13,0,,0,NA,NA,NA,NA,NA
2008,5,20,2,908,905,1120,1105,MQ,4849,N710TB,132,120,87,15,3,LGA,CMH,478,6,39,0,,0,0,0,15,0,0
2008,10,23,4,926,925,1046,1050,WN,2893,N215WN,80,85,62,-4,1,SMF,LAS,397,7,11,0,,0,NA,NA,NA,NA,NA
2008,11,18,2,1306,1312,1518,1528,YV,7048,N509MJ,72,76,50,-10,-6,ORD,DTW,235,7,15,0,,0,NA,NA,NA,NA,NA
2008,11,19,3,1100,1105,1122,1130,WN,1472,N200WN,82,85,61,-8,-5,PHX,LAX,370,6,15,0,,0,NA,NA,NA,NA,NA
2008,7,26,6,948,950,1125,1140,MQ,4739,N705AE,97,110,70,-15,-2,LGA,RDU,431,6,21,0,,0,NA,NA,NA,NA,NA
2008,2,19,2,1304,1315,1433,1448,XE,2154,N13994,89,93,66,-15,-11,LBB,IAH,458,12,11,0,,0,NA,NA,NA,NA,NA
2008,1,28,1,1225,1230,1413,1415,9E,5898,87219E,108,105,73,-2,-5,MDT,DTW,370,14,21,0,,0,NA,NA,NA,NA,NA
2008,8,15,5,NA,1945,NA,2222,EV,4998,N834AS,NA,157,NA,NA,NA,ATL,JFK,760,NA,NA,1,C,0,NA,NA,NA,NA,NA
2008,12,9,2,2,2250,53,2350,AA,1831,N3BLAA,51,60,35,63,72,MIA,TPA,204,4,12,0,,0,59,0,0,0,4
2008,12,28,7,1724,1630,1850,1800,9E,2275,80249E,86,90,65,50,54,PFN,MEM,417,9,12,0,,0,0,0,0,0,50
2008,3,28,5,1928,1920,2055,2045,WN,3592,N443WN,87,85,71,10,8,LAS,SJC,386,4,12,0,,0,NA,NA,NA,NA,NA
2008,12,12,5,1401,1400,1538,1530,WN,2744,N609SW,157,150,138,8,1,SAT,PHX,843,2,17,0,,0,NA,NA,NA,NA,NA
2008,5,18,7,952,950,1314,1335,WN,879,N325SW,142,165,126,-21,2,SAT,MCO,1040,6,10,0,,0,NA,NA,NA,NA,NA
2008,4,13,7,1335,1345,1439,1500,MQ,4785,N726AE,64,75,41,-21,-10,LGA,DCA,214,3,20,0,,0,NA,NA,NA,NA,NA
2008,5,24,6,1555,1559,1633,1643,UA,699,N938UA,98,104,82,-10,-4,TUL,DEN,541,7,9,0,,0,NA,NA,NA,NA,NA
2008,3,22,6,1109,1109,1639,1620,UA,484,N542UA,210,191,170,19,0,DEN,DCA,1476,9,31,0,,0,0,0,19,0,0
2008,1,26,6,NA,715,NA,923,DL,575,N902DE,NA,68,NA,NA,NA,BNA,ATL,214,NA,NA,1,B,0,NA,NA,NA,NA,NA
2008,9,25,4,839,840,952,959,DL,801,N654DL,133,139,104,-7,-1,ATL,DFW,732,5,24,0,,0,NA,NA,NA,NA,NA
2008,11,14,5,917,915,943,955,WN,804,N310SW,86,100,72,-12,2,PIT,MDW,402,4,10,0,,0,NA,NA,NA,NA,NA
2008,5,15,4,746,750,901,924,B6,1073,N283JB,75,94,57,-23,-4,JFK,RIC,288,3,15,0,,0,NA,NA,NA,NA,NA
2008,6,19,4,606,615,901,915,CO,1735,N19638,115,120,98,-14,-9,ELP,IAH,667,7,10,0,,0,NA,NA,NA,NA,NA
2008,11,2,7,801,805,1011,1025,AA,1577,N5EKAA,190,200,160,-14,-4,MIA,ORD,1197,13,17,0,,0,NA,NA,NA,NA,NA
2008,7,18,5,2014,1910,2354,2150,AA,1255,N443AA,220,160,121,124,64,ORD,IAH,925,7,92,0,,0,53,0,71,0,0
2008,6,25,3,1258,1259,1411,1410,OO,5453,N298SW,73,71,56,1,-1,FAT,LAX,209,9,8,0,,0,NA,NA,NA,NA,NA
2008,3,20,4,1713,1635,2250,2240,AA,554,N4XCAA,217,245,201,10,38,SFO,ORD,1846,5,11,0,,0,NA,NA,NA,NA,NA
2008,1,16,3,1654,1655,1900,1914,UA,1623,N451UA,246,259,226,-14,-1,MSY,LAX,1671,9,11,0,,0,NA,NA,NA,NA,NA
2008,6,24,2,1302,1306,1619,1639,NW,1022,N335NB,137,153,116,-20,-4,MSP,BWI,936,5,16,0,,0,NA,NA,NA,NA,NA
2008,10,30,4,539,545,635,638,CO,278,N14250,56,53,40,-3,-6,SAT,IAH,191,5,11,0,,0,NA,NA,NA,NA,NA
2008,8,8,5,1905,1855,2008,2001,DL,792,N937DL,123,126,95,7,10,ATL,ORD,606,8,20,0,,0,NA,NA,NA,NA,NA
2008,12,25,4,600,600,935,935,MQ,4821,N721MQ,155,155,114,0,0,DSM,LGA,1031,3,38,0,,0,NA,NA,NA,NA,NA
2008,1,8,2,1330,1330,1506,1455,WN,78,N477WN,96,85,81,11,0,SAN,OAK,446,3,12,0,,0,NA,NA,NA,NA,NA
2008,7,5,6,720,730,819,840,WN,1436,N211WN,59,70,48,-21,-10,BUR,SJC,296,3,8,0,,0,NA,NA,NA,NA,NA
2008,8,28,4,2131,2125,2250,2245,CO,1704,N17730,79,80,58,5,6,IAH,OKC,395,6,15,0,,0,NA,NA,NA,NA,NA
2008,6,19,4,1350,1350,1616,1626,DL,712,N666DN,146,156,119,-10,0,ATL,BOS,946,8,19,0,,0,NA,NA,NA,NA,NA
2008,12,4,4,2150,2155,2309,2315,WN,2181,N433LV,79,80,64,-6,-5,SJC,LAS,386,7,8,0,,0,NA,NA,NA,NA,NA
2008,2,23,6,1342,1345,1631,1640,NW,1186,N762NC,109,115,86,-9,-3,MEM,DTW,610,5,18,0,,0,NA,NA,NA,NA,NA
2008,6,24,2,1638,1648,1758,1809,NW,1667,N771NC,80,81,64,-11,-10,BIS,MSP,386,7,9,0,,0,NA,NA,NA,NA,NA
2008,9,25,4,621,630,848,855,OO,3860,N815SK,87,85,62,-7,-9,RNO,SLC,422,11,14,0,,0,NA,NA,NA,NA,NA
2008,9,28,7,657,710,842,859,OO,6600,N907SW,105,109,82,-17,-13,GTF,DEN,624,11,12,0,,0,NA,NA,NA,NA,NA
2008,11,7,5,753,800,1009,1001,US,1821,N426US,136,121,87,8,-7,EWR,CLT,529,7,42,0,,0,NA,NA,NA,NA,NA
2008,5,6,2,1820,1820,1816,1830,MQ,4464,N619AE,56,70,42,-14,0,FNT,ORD,223,7,7,0,,0,NA,NA,NA,NA,NA
2008,3,27,4,2102,2053,4,2354,F9,214,N940FR,122,121,102,10,9,DEN,AUS,775,5,15,0,,0,NA,NA,NA,NA,NA
2008,3,11,2,714,715,1058,1105,XE,2511,N11113,164,170,139,-7,-1,IAH,PIT,1117,8,17,0,,0,NA,NA,NA,NA,NA
2008,1,30,3,2112,2110,2251,2251,FL,182,N975AT,99,101,74,0,2,ATL,DCA,547,6,19,0,,0,NA,NA,NA,NA,NA
2008,3,2,7,1420,1420,2007,2007,CO,430,N59338,227,227,197,0,0,SFO,IAH,1635,13,17,0,,0,NA,NA,NA,NA,NA
2008,9,6,6,844,849,1459,1455,UA,134,N657UA,255,246,208,4,-5,SFO,ORD,1846,30,17,0,,0,NA,NA,NA,NA,NA
2008,2,20,3,1155,1200,1431,1448,US,1647,N451UW,156,168,137,-17,-5,PHL,PBI,951,4,15,0,,0,NA,NA,NA,NA,NA
2008,6,8,7,1319,1326,1418,1437,OO,6643,N969SW,59,71,41,-19,-7,DEN,RAP,301,3,15,0,,0,NA,NA,NA,NA,NA
2008,6,22,7,920,920,1032,1029,FL,318,N945AT,72,69,46,3,0,ATL,CLT,227,7,19,0,,0,NA,NA,NA,NA,NA
2008,12,7,7,644,648,831,840,XE,2040,N15555,107,112,89,-9,-4,CHS,EWR,628,6,12,0,,0,NA,NA,NA,NA,NA
2008,8,20,3,1505,1505,1606,1615,WN,281,N464WN,61,70,54,-9,0,SMF,BUR,358,1,6,0,,0,NA,NA,NA,NA,NA
2008,7,24,4,1754,1755,1858,1905,WN,875,N551WN,64,70,54,-7,-1,SJC,ONT,333,3,7,0,,0,NA,NA,NA,NA,NA
2008,6,27,5,1428,1405,1806,1805,XE,2236,N17115,158,180,132,1,23,MSP,EWR,1008,8,18,0,,0,NA,NA,NA,NA,NA
2008,4,3,4,NA,1300,NA,1411,US,2128,,NA,71,NA,NA,NA,LGA,BOS,185,NA,NA,1,B,0,NA,NA,NA,NA,NA
2008,11,25,2,1949,1740,2120,1929,CO,1197,N12319,91,109,48,111,129,BOS,EWR,200,6,37,0,,0,0,0,3,0,108
2008,11,15,6,626,630,740,750,OO,4851,N440SW,74,80,55,-10,-4,BIL,SLC,387,7,12,0,,0,NA,NA,NA,NA,NA
2008,3,6,4,642,645,952,1004,DL,1067,N6712B,310,319,269,-12,-3,EWR,SLC,1968,9,32,0,,0,NA,NA,NA,NA,NA
2008,12,24,3,2053,2030,2312,2300,WN,3898,N407WN,139,150,126,12,23,BWI,TPA,842,5,8,0,,0,NA,NA,NA,NA,NA
2008,9,10,3,1922,1925,2008,2040,XE,2651,N16525,46,75,34,-32,-3,IAH,GRK,166,4,8,0,,0,NA,NA,NA,NA,NA
2008,12,6,6,1246,1245,1426,1440,WN,2517,N422WN,100,115,85,-14,1,SMF,SEA,605,6,9,0,,0,NA,NA,NA,NA,NA
2008,3,20,4,906,905,1225,1216,CO,1858,N17719,319,311,252,9,1,EWR,EGE,1725,4,63,0,,0,NA,NA,NA,NA,NA
2008,2,16,6,706,715,817,807,XE,2328,N27506,71,52,29,10,-9,DAY,CLE,162,16,26,0,,0,NA,NA,NA,NA,NA
2008,10,14,2,824,830,1029,1014,FL,162,N975AT,125,104,80,15,-6,RSW,ATL,515,36,9,0,,0,0,0,15,0,0
2008,6,19,4,2013,1930,2108,2035,WN,3207,N615SW,55,65,44,33,43,MDW,STL,251,3,8,0,,0,0,0,0,0,33
2008,8,5,2,2212,2150,2328,2310,WN,1050,N504SW,76,80,60,18,22,DEN,SLC,391,6,10,0,,0,0,0,0,0,18
2008,3,9,7,607,615,847,844,DL,1748,N909DA,100,89,70,3,-8,RNO,SLC,422,7,23,0,,0,NA,NA,NA,NA,NA
2008,12,20,6,2230,2230,136,147,YV,2746,N930LR,126,137,100,-11,0,PHX,DFW,868,10,16,0,,0,NA,NA,NA,NA,NA
2008,6,2,1,1214,1215,1501,1524,DL,88,N379DA,167,189,139,-23,-1,FLL,JFK,1069,15,13,0,,0,NA,NA,NA,NA,NA
2008,3,13,4,2143,2055,18,2340,WN,2537,N315SW,95,105,83,38,48,LAX,ABQ,677,4,8,0,,0,0,0,0,0,38
2008,3,6,4,1355,1400,1538,1558,9E,4796,89339E,103,118,81,-20,-5,IND,PHL,587,7,15,0,,0,NA,NA,NA,NA,NA
2008,6,1,7,842,840,907,855,WN,3219,N252WN,85,75,62,12,2,ABQ,PHX,328,4,19,0,,0,NA,NA,NA,NA,NA
2008,3,1,6,1735,1740,1809,1814,HA,545,N477HA,34,34,23,-5,-5,OGG,HNL,100,5,6,0,,0,NA,NA,NA,NA,NA
2008,10,9,4,850,855,1015,1025,MQ,4473,N918MQ,145,150,125,-10,-5,JAX,ORD,865,7,13,0,,0,NA,NA,NA,NA,NA
2008,2,2,6,1910,1900,2233,2245,CO,644,N72405,143,165,119,-12,10,IAH,CLE,1091,8,16,0,,0,NA,NA,NA,NA,NA
2008,2,24,7,1115,1115,1213,1210,WN,2382,N259WN,58,55,43,3,0,BWI,ISP,220,8,7,0,,0,NA,NA,NA,NA,NA
2008,7,7,1,1112,1050,1131,1113,UA,169,N381UA,79,83,53,18,22,CMH,ORD,296,6,20,0,,0,0,0,0,0,18
2008,2,3,7,1735,1740,1816,1817,HA,536,N475HA,41,37,22,-1,-5,HNL,OGG,100,6,13,0,,0,NA,NA,NA,NA,NA
2008,7,15,2,2107,2109,10,12,YV,7224,N506MJ,123,123,98,-2,-2,DEN,MLI,751,4,21,0,,0,NA,NA,NA,NA,NA
2008,5,8,4,NA,700,NA,815,MQ,3534,,NA,75,NA,NA,NA,LIT,DFW,304,NA,NA,1,B,0,NA,NA,NA,NA,NA
2008,10,19,7,1026,1026,1607,1610,UA,402,N578UA,221,224,184,-3,0,DEN,LGA,1619,6,31,0,,0,NA,NA,NA,NA,NA
2008,7,7,1,842,845,954,1000,WN,1221,N795SW,72,75,57,-6,-3,LAS,RNO,345,4,11,0,,0,NA,NA,NA,NA,NA
2008,12,19,5,NA,600,NA,852,EV,5477,N882AS,NA,112,NA,NA,NA,PIA,ATL,564,NA,NA,1,B,0,NA,NA,NA,NA,NA
2008,2,23,6,659,700,1105,1036,UA,1012,N307UA,186,156,125,29,-1,SFO,DEN,967,46,15,0,,0,0,0,29,0,0
2008,4,2,3,1905,1910,2331,2340,NW,1028,N331NW,206,210,179,-9,-5,MSP,FLL,1487,6,21,0,,0,NA,NA,NA,NA,NA
2008,1,11,5,1953,1957,2142,2132,NW,827,N309US,109,95,73,10,-4,MEM,DFW,432,12,24,0,,0,NA,NA,NA,NA,NA
2008,12,21,7,951,935,1057,1055,AA,793,N4WRAA,66,80,44,2,16,LAS,LAX,236,8,14,0,,0,NA,NA,NA,NA,NA
2008,2,14,4,1809,1708,1855,1804,NW,1750,N773NC,46,56,25,51,61,DTW,CLE,95,7,14,0,,0,13,0,0,0,38
2008,9,19,5,1231,1236,1358,1401,OO,5930,N912SW,87,85,67,-3,-5,SFO,PSP,421,6,14,0,,0,NA,NA,NA,NA,NA
2008,9,23,2,1237,1241,1439,1452,FL,336,N896AT,122,131,94,-13,-4,PHL,ATL,665,8,20,0,,0,NA,NA,NA,NA,NA
2008,7,26,6,1538,1537,1727,1734,UA,1586,N485UA,109,117,93,-7,1,PHX,SFO,651,7,9,0,,0,NA,NA,NA,NA,NA
2008,1,26,6,825,825,952,950,DL,1585,N139DL,87,85,61,2,0,ATL,MCO,403,7,19,0,,0,NA,NA,NA,NA,NA
2008,11,26,3,554,600,754,805,AA,1755,N498AA,120,125,84,-11,-6,OMA,DFW,583,7,29,0,,0,NA,NA,NA,NA,NA
2008,1,5,6,1536,1535,1713,1714,US,1178,N935UW,97,99,77,-1,1,MCO,CLT,468,5,15,0,,0,NA,NA,NA,NA,NA
2008,3,5,3,1342,1330,1610,1542,XE,2059,N12142,208,192,171,28,12,EWR,OMA,1133,14,23,0,,0,12,0,16,0,0
2008,11,21,5,1608,1545,1646,1635,MQ,3617,N611MQ,38,50,27,11,23,DFW,GRK,134,3,8,0,,0,NA,NA,NA,NA,NA
2008,10,18,6,1720,1725,2109,2110,AA,1962,N548AA,169,165,152,-1,-5,DFW,IAD,1172,6,11,0,,0,NA,NA,NA,NA,NA
2008,1,29,2,1825,1715,2107,2015,CO,319,N78506,162,180,126,52,70,TPA,EWR,998,11,25,0,,0,0,0,52,0,0
2008,11,16,7,1126,1135,1126,1130,MQ,4207,N655MQ,60,55,29,-4,-9,AZO,ORD,122,16,15,0,,0,NA,NA,NA,NA,NA
2008,4,25,5,704,705,826,835,MQ,3165,N818AE,82,90,66,-9,-1,SFO,SNA,372,5,11,0,,0,NA,NA,NA,NA,NA
2008,10,11,6,1643,1645,1917,1913,UA,969,N802UA,334,328,319,4,-2,IAD,SAN,2253,3,12,0,,0,NA,NA,NA,NA,NA
2008,8,4,1,2030,1939,2307,2229,FL,492,N921AT,157,170,122,38,51,BOS,ATL,946,11,24,0,,0,0,0,0,0,38
2008,7,2,3,1117,1127,1253,1255,UA,147,N561UA,96,88,61,-2,-10,SAN,SFO,447,10,25,0,,0,NA,NA,NA,NA,NA
2008,3,2,7,1044,1045,1219,1217,NW,477,N317NB,95,92,74,2,-1,DTW,BDL,548,8,13,0,,0,NA,NA,NA,NA,NA
2008,9,19,5,1933,1942,2004,2030,UA,505,N376UA,91,108,76,-26,-9,MCI,DEN,533,6,9,0,,0,NA,NA,NA,NA,NA
2008,2,20,3,1931,1810,2044,1930,WN,36,N693SW,73,80,60,74,81,MCI,MDW,405,6,7,0,,0,6,0,0,0,68
2008,4,13,7,1218,1203,1332,1302,NW,1753,N1334U,134,119,95,30,15,DTW,MCI,629,8,31,0,,0,15,0,15,0,0
2008,8,13,3,2035,2040,2158,2205,WN,2524,N250WN,143,145,121,-7,-5,PVD,MDW,842,14,8,0,,0,NA,NA,NA,NA,NA
2008,2,26,2,1431,1435,1630,1632,XE,2670,N36915,119,117,97,-2,-4,IAH,MCI,643,4,18,0,,0,NA,NA,NA,NA,NA
2008,10,3,5,1330,1332,1634,1627,NW,242,N322US,184,175,159,7,-2,DTW,FLL,1127,4,21,0,,0,NA,NA,NA,NA,NA
2008,3,26,3,2134,2125,2243,2231,NW,609,N314US,189,186,168,12,9,MSP,GEG,1175,6,15,0,,0,NA,NA,NA,NA,NA
2008,3,9,7,1219,1125,1341,1305,US,1729,N404US,82,100,71,36,54,CLT,MCO,468,3,8,0,,0,4,0,0,0,32
2008,8,11,1,1030,1030,1211,1202,OH,5406,N969CA,101,92,71,9,0,BWI,BOS,370,11,19,0,,0,NA,NA,NA,NA,NA
2008,5,5,1,811,815,859,907,OO,5407,N566SW,48,52,34,-8,-4,LAX,SAN,109,2,12,0,,0,NA,NA,NA,NA,NA
2008,1,22,2,800,800,1243,1248,FL,300,N312AT,163,168,130,-5,0,DEN,ATL,1199,5,28,0,,0,NA,NA,NA,NA,NA
2008,2,19,2,945,945,1058,1100,WN,1537,N904WN,73,75,60,-2,0,SNA,SJC,342,5,8,0,,0,NA,NA,NA,NA,NA
2008,1,30,3,1019,1020,1236,1250,WN,1614,N467WN,137,150,125,-14,-1,BWI,TPA,842,2,10,0,,0,NA,NA,NA,NA,NA
2008,11,14,5,1925,1924,2143,2145,UA,248,N524UA,78,81,48,-2,1,ORD,DTW,235,11,19,0,,0,NA,NA,NA,NA,NA
2008,8,22,5,1346,1255,1932,1905,AA,2074,N616AA,226,250,202,27,51,LAX,ORD,1745,8,16,0,,0,0,0,27,0,0
2008,8,23,6,835,835,923,930,WN,2816,N281WN,108,115,88,-7,0,DEN,PHX,602,5,15,0,,0,NA,NA,NA,NA,NA
2008,6,2,1,1034,1040,1639,1637,UA,714,N851UA,245,237,199,2,-6,SFO,IAH,1635,6,40,0,,0,NA,NA,NA,NA,NA
2008,10,16,4,1206,1153,1341,1326,FL,842,N923AT,155,153,141,15,13,SRQ,MDW,1035,6,8,0,,0,0,0,2,0,13
2008,10,15,3,756,800,926,940,AA,1379,N5EEAA,150,160,133,-14,-4,MCO,DFW,984,4,13,0,,0,NA,NA,NA,NA,NA
2008,2,22,5,1849,1710,2050,1910,EV,4601,N975EV,121,120,95,100,99,CLE,ATL,554,12,14,0,,0,0,99,1,0,0
2008,9,17,3,1119,1119,1827,1829,DL,44,N390DA,248,250,226,-2,0,SAN,CVG,1865,7,15,0,,0,NA,NA,NA,NA,NA
2008,5,28,3,2238,2200,700,625,AA,18,N339AA,322,325,288,35,38,SFO,JFK,2586,7,27,0,,0,0,0,0,0,35
2008,6,26,4,1748,1720,2345,2245,WN,3306,N766SW,237,205,220,60,28,DEN,PHL,1557,5,12,0,,0,7,0,32,0,21
2008,7,7,1,1911,1830,2012,1940,WN,1499,N207WN,61,70,52,32,41,LAX,OAK,337,5,4,0,,0,15,0,0,0,17
2008,6,18,3,2307,2055,139,2335,WN,174,N605SW,92,100,78,124,132,BNA,BWI,588,3,11,0,,0,0,0,0,0,124
2008,8,12,2,951,1001,1238,1252,F9,178,N918FR,107,111,92,-14,-10,TUS,DEN,639,5,10,0,,0,NA,NA,NA,NA,NA
2008,3,31,1,1355,1315,1524,1445,WN,3500,N424WN,89,90,74,39,40,TUS,LAX,451,7,8,0,,0,6,0,0,0,33
2008,10,28,2,1436,1440,1638,1655,9E,5760,84129E,62,75,40,-17,-4,MEM,CHA,271,4,18,0,,0,NA,NA,NA,NA,NA
2008,11,9,7,1335,1338,1625,1624,NW,1106,N317US,170,166,147,1,-3,DTW,RSW,1085,5,18,0,,0,NA,NA,NA,NA,NA
2008,8,29,5,NA,743,NA,910,OO,5520,N566SW,NA,87,NA,NA,NA,MRY,LAX,267,NA,NA,1,B,0,NA,NA,NA,NA,NA
2008,9,10,3,1309,1315,1542,1545,AA,1227,N545AA,153,150,123,-3,-6,MSP,DFW,852,9,21,0,,0,NA,NA,NA,NA,NA
2008,3,29,6,1338,1335,1508,1520,US,1617,N418US,90,105,75,-12,3,TPA,CLT,508,4,11,0,,0,NA,NA,NA,NA,NA
2008,9,4,4,841,845,1011,1007,XE,2808,N12924,90,82,46,4,-4,EWR,BTV,266,4,40,0,,0,NA,NA,NA,NA,NA
2008,5,30,5,959,1000,1329,1340,WN,3140,N913WN,150,160,139,-11,-1,PDX,ABQ,1111,3,8,0,,0,NA,NA,NA,NA,NA
2008,4,6,7,2320,2315,559,614,CO,580,N14214,219,239,201,-15,5,LAS,CLE,1825,5,13,0,,0,NA,NA,NA,NA,NA
2008,11,17,1,1015,1000,1302,1250,EV,5328,N973EV,107,110,89,12,15,TUL,ATL,674,6,12,0,,0,NA,NA,NA,NA,NA
2008,1,30,3,644,645,955,1000,WN,1336,N258WN,191,195,177,-5,-1,PVD,TPA,1137,3,11,0,,0,NA,NA,NA,NA,NA
2008,2,9,6,1626,1630,1948,1957,CO,360,N14645,262,267,246,-9,-4,EWR,SAT,1569,2,14,0,,0,NA,NA,NA,NA,NA
2008,5,16,5,650,650,753,750,WN,3678,N904WN,123,120,103,3,0,ORF,BNA,585,13,7,0,,0,NA,NA,NA,NA,NA
2008,7,22,2,1711,1445,1848,1620,9E,5969,87519E,97,95,66,148,146,MEM,MCI,392,5,26,0,,0,146,0,2,0,0
2008,11,13,4,1804,1810,1922,1920,MQ,4183,N932MQ,78,70,38,2,-6,CID,ORD,196,29,11,0,,0,NA,NA,NA,NA,NA
2008,10,13,1,1759,1800,1904,1927,B6,1069,N203JB,65,87,46,-23,-1,BOS,JFK,187,6,13,0,,0,NA,NA,NA,NA,NA
2008,3,31,1,NA,1530,NA,1640,MQ,3537,,NA,70,NA,NA,NA,DFW,LIT,304,NA,NA,1,B,0,NA,NA,NA,NA,NA
2008,10,22,3,1349,1350,1513,1518,EV,5030,N868AS,84,88,66,-5,-1,ILM,ATL,377,11,7,0,,0,NA,NA,NA,NA,NA
2008,10,30,4,1701,1705,1721,1735,WN,1939,N745SW,80,90,66,-14,-4,IND,MCI,451,4,10,0,,0,NA,NA,NA,NA,NA
2008,7,26,6,2141,2145,2244,2250,MQ,3496,N669MB,63,65,49,-6,-4,DFW,AMA,313,3,11,0,,0,NA,NA,NA,NA,NA
2008,6,10,2,1320,1250,1616,1600,MQ,4137,N665BC,116,130,99,16,30,ORD,BDL,783,2,15,0,,0,0,0,2,0,14
2008,8,12,2,1554,1550,1740,1805,XE,2166,N12136,106,135,84,-25,4,EWR,LEX,588,7,15,0,,0,NA,NA,NA,NA,NA
2008,5,2,5,1749,1754,2007,2035,UA,291,N810UA,318,341,297,-28,-5,IAD,SMF,2358,2,19,0,,0,NA,NA,NA,NA,NA
2008,3,24,1,1435,1315,1710,1555,B6,1886,N216JB,155,160,131,75,80,MCO,SYR,1053,3,21,0,,0,19,0,0,0,56
2008,4,7,1,1204,1210,1322,1325,WN,42,N720WN,78,75,60,-3,-6,MDW,BNA,395,6,12,0,,0,NA,NA,NA,NA,NA
2008,2,8,5,1655,1700,1714,1716,DL,1057,N926DL,79,76,44,-2,-5,ATL,VPS,264,8,27,0,,0,NA,NA,NA,NA,NA
2008,10,5,7,1812,1820,2028,2042,B6,1257,N231JB,136,142,118,-14,-8,IAD,MCO,758,6,12,0,,0,NA,NA,NA,NA,NA
2008,10,24,5,1255,1250,1602,1600,WN,1233,N264LV,127,130,110,2,5,MDW,PVD,842,5,12,0,,0,NA,NA,NA,NA,NA
2008,7,27,7,817,828,905,913,AS,68,N799AS,48,45,27,-8,-11,JNU,SIT,95,5,16,0,,0,NA,NA,NA,NA,NA
2008,6,26,4,1217,1130,1403,1300,WN,2740,N463WN,106,90,61,63,47,LAS,OAK,407,8,37,0,,0,41,0,16,0,6
2008,7,27,7,1742,1745,2006,2015,WN,3685,N525SW,84,90,73,-9,-3,ELP,AUS,528,3,8,0,,0,NA,NA,NA,NA,NA
2008,2,11,1,1541,1541,1650,1707,UA,85,N833UA,129,146,114,-17,0,DEN,LAX,862,6,9,0,,0,NA,NA,NA,NA,NA
2008,3,19,3,2126,1930,2233,2052,DL,1934,N914DE,67,82,50,101,116,LGA,BOS,185,6,11,0,,0,14,0,0,0,87
2008,9,18,4,128,130,542,554,AS,112,N552AS,194,204,182,-12,-2,ANC,SEA,1449,4,8,0,,0,NA,NA,NA,NA,NA
2008,8,5,2,1927,1859,2133,2110,UA,1237,N335UA,126,131,110,23,28,SEA,SFO,679,5,11,0,,0,0,0,0,0,23
2008,7,27,7,1429,1420,1948,1945,CO,594,N75851,199,205,182,3,9,LAX,IAH,1379,6,11,0,,0,NA,NA,NA,NA,NA
2008,8,17,7,1421,1425,1555,1604,EV,4160,N707EV,94,99,73,-9,-4,SRQ,ATL,445,12,9,0,,0,NA,NA,NA,NA,NA
2008,10,14,2,1034,1021,1127,1127,YV,7322,N77181,53,66,34,0,13,ORF,IAD,157,6,13,0,,0,NA,NA,NA,NA,NA
2008,3,25,2,1745,1745,2158,2125,AA,177,N319AA,433,400,389,33,0,JFK,SFO,2586,4,40,0,,0,0,0,33,0,0
2008,10,15,3,642,645,930,940,AA,1248,N249AA,108,115,88,-10,-3,ORD,PHL,678,9,11,0,,0,NA,NA,NA,NA,NA
2008,1,28,1,1928,1930,2104,2112,EV,4286,N724EV,96,102,80,-8,-2,ATL,EYW,646,3,13,0,,0,NA,NA,NA,NA,NA
2008,2,18,1,618,620,751,805,WN,963,N209WN,93,105,81,-14,-2,BWI,SDF,495,2,10,0,,0,NA,NA,NA,NA,NA
2008,2,21,4,554,600,742,756,UA,389,N567UA,228,236,211,-14,-6,IAD,DEN,1452,7,10,0,,0,NA,NA,NA,NA,NA
2008,2,19,2,1313,1300,1446,1419,XE,2457,N17928,93,79,73,27,13,ROC,EWR,246,5,15,0,,0,0,0,27,0,0
2008,5,25,7,2139,2140,2316,2325,DL,834,N919DE,97,105,80,-9,-1,ATL,DCA,547,3,14,0,,0,NA,NA,NA,NA,NA
2008,6,17,2,1814,1740,2018,1955,WN,2978,N627SW,124,135,112,23,34,BWI,MCO,787,6,6,0,,0,0,0,0,0,23
2008,7,12,6,1416,1420,1516,1525,MQ,3072,N313AE,60,65,44,-9,-4,SBP,LAX,155,4,12,0,,0,NA,NA,NA,NA,NA
2008,1,8,2,1452,1449,1643,1642,DL,634,N643DL,111,113,83,1,3,PBI,ATL,545,13,15,0,,0,NA,NA,NA,NA,NA
2008,11,19,3,1635,1640,1821,1835,AA,2202,N062AA,166,175,140,-14,-5,SJU,MIA,1045,9,17,0,,0,NA,NA,NA,NA,NA
2008,3,11,2,1320,1320,1433,1435,WN,2,N672SW,73,75,62,-2,0,BWI,MHT,377,2,9,0,,0,NA,NA,NA,NA,NA
2008,1,29,2,840,845,947,950,WN,2213,N625SW,127,125,106,-3,-5,PHX,SMF,647,4,17,0,,0,NA,NA,NA,NA,NA
2008,8,5,2,1918,1750,2041,1905,WN,195,N221WN,83,75,57,96,88,SNA,PHX,338,8,18,0,,0,0,0,8,0,88
2008,1,30,3,1122,1130,1155,1159,HA,140,N479HA,33,29,20,-4,-8,LIH,HNL,102,5,8,0,,0,NA,NA,NA,NA,NA
2008,4,26,6,1111,1055,1533,1520,F9,618,N914FR,142,145,113,13,16,DEN,IND,977,9,20,0,,0,NA,NA,NA,NA,NA
2008,8,28,4,1026,1030,1155,1200,AA,2193,N3AJAA,149,150,129,-5,-4,TPA,DFW,929,11,9,0,,0,NA,NA,NA,NA,NA
2008,2,8,5,1456,1500,1611,1623,US,2176,N714US,75,83,42,-12,-4,DCA,LGA,214,6,27,0,,0,NA,NA,NA,NA,NA
2008,8,27,3,712,720,1117,1058,AS,17,N594AS,425,398,389,19,-8,MIA,SEA,2724,15,21,0,,0,0,0,19,0,0
2008,11,22,6,709,710,956,1005,B6,821,N644JB,167,175,135,-9,-1,JFK,MCO,944,5,27,0,,0,NA,NA,NA,NA,NA
2008,3,10,1,1420,1425,1528,1540,B6,1011,N198JB,68,75,50,-12,-5,BOS,JFK,187,2,16,0,,0,NA,NA,NA,NA,NA
2008,12,23,2,1056,930,1346,1219,B6,1419,N229JB,170,169,148,87,86,BOS,JAX,1011,3,19,0,,0,86,0,1,0,0
2008,7,9,3,1255,1123,2151,2017,UA,10,N510UA,356,354,318,94,92,SFO,JFK,2586,10,28,0,,0,0,0,49,0,45
2008,11,16,7,1830,1835,1955,2006,NW,141,N344NW,85,91,58,-11,-5,ORD,MSP,334,4,23,0,,0,NA,NA,NA,NA,NA
2008,11,14,5,750,750,905,905,AA,450,N517AA,75,75,51,0,0,IAH,DFW,224,5,19,0,,0,NA,NA,NA,NA,NA
2008,8,21,4,556,605,729,738,B6,1100,N206JB,93,93,69,-9,-9,RDU,JFK,426,3,21,0,,0,NA,NA,NA,NA,NA
2008,5,14,3,815,825,934,1002,OH,5139,N966CA,79,97,52,-28,-10,LGA,RIC,292,3,24,0,,0,NA,NA,NA,NA,NA
2008,8,14,4,1230,1147,1402,1300,MQ,3052,N250AE,92,73,55,62,43,FAT,LAX,209,17,20,0,,0,0,0,19,0,43
2008,8,18,1,1842,1845,1915,1918,EV,4695,N973EV,93,93,68,-3,-3,ATL,MLU,448,3,22,0,,0,NA,NA,NA,NA,NA
2008,9,24,3,1134,1135,1533,1545,WN,2513,N515SW,119,130,107,-12,-1,PHX,SAT,843,3,9,0,,0,NA,NA,NA,NA,NA
2008,1,27,7,1414,1405,1652,1635,AA,1345,N4YBAA,278,270,248,17,9,ORD,LAX,1745,10,20,0,,0,9,0,8,0,0
2008,12,8,1,NA,1010,NA,1230,AA,621,,NA,260,NA,NA,NA,DFW,SEA,1660,NA,NA,1,A,0,NA,NA,NA,NA,NA
2008,1,27,7,1916,1915,2050,2047,DL,1450,N905DE,94,92,70,3,1,ATL,RIC,481,5,19,0,,0,NA,NA,NA,NA,NA
2008,7,4,5,1220,1225,1348,1413,9E,2979,88949E,88,108,65,-25,-5,AVL,DTW,470,15,8,0,,0,NA,NA,NA,NA,NA
2008,6,2,1,1137,1130,1511,1510,XE,2846,N16112,154,160,140,1,7,IAH,RDU,1043,6,8,0,,0,NA,NA,NA,NA,NA
2008,3,28,5,1733,1734,1835,1845,9E,5837,89869E,62,71,37,-10,-1,DTW,DAY,166,6,19,0,,0,NA,NA,NA,NA,NA
2008,9,28,7,1839,1839,2005,2000,YV,2710,N924FJ,86,81,53,5,0,PHX,SNA,338,6,27,0,,0,NA,NA,NA,NA,NA
2008,8,27,3,655,700,1022,1031,FL,825,N977AT,147,151,127,-9,-5,MDW,MCO,989,10,10,0,,0,NA,NA,NA,NA,NA
2008,11,28,5,1020,1020,1137,1145,WN,605,N749SW,77,85,63,-8,0,SNA,OAK,371,5,9,0,,0,NA,NA,NA,NA,NA
2008,1,26,6,1132,1135,1237,1235,AA,1938,N3CLAA,65,60,42,2,-3,MIA,TPA,204,4,19,0,,0,NA,NA,NA,NA,NA
2008,12,1,1,937,940,1039,1043,9E,2623,80309E,62,63,36,-4,-3,MEM,BNA,200,7,19,0,,0,NA,NA,NA,NA,NA
2008,1,26,6,800,805,903,921,OO,3709,N563SW,63,76,50,-18,-5,SLC,SUN,223,1,12,0,,0,NA,NA,NA,NA,NA
2008,7,30,3,1413,1400,1702,1619,FL,362,N329AT,169,139,113,43,13,ATL,LGA,761,33,23,0,,0,0,0,30,0,13
2008,12,5,5,1332,1335,1341,1400,WN,1945,N281WN,69,85,52,-19,-3,PHX,LAX,370,6,11,0,,0,NA,NA,NA,NA,NA
2008,11,5,3,742,745,1017,1038,US,137,N602AW,335,353,306,-21,-3,JFK,LAS,2248,5,24,0,,0,NA,NA,NA,NA,NA
2008,12,21,7,1606,1515,1710,1622,XE,2516,N15555,64,67,43,48,51,CLE,ROC,245,10,11,0,,0,1,0,0,0,47
2008,1,11,5,2150,2100,2327,2245,WN,1062,N307SW,97,105,87,42,50,STL,DAL,546,4,6,0,,0,0,0,0,0,42
2008,2,5,2,1418,1400,1547,1527,EV,4208,N972EV,89,87,70,20,18,LEX,ATL,303,11,8,0,,0,0,0,2,0,18
2008,11,24,1,NA,715,NA,1004,B6,434,N292JB,NA,169,NA,NA,NA,MCO,BOS,1121,NA,NA,1,A,0,NA,NA,NA,NA,NA
2008,11,24,1,1301,1300,1405,1420,WN,119,N285WN,64,80,50,-15,1,BUR,SMF,358,4,10,0,,0,NA,NA,NA,NA,NA
2008,5,21,3,916,925,1132,1150,MQ,4836,N704PG,136,145,111,-18,-9,LGA,SDF,658,4,21,0,,0,NA,NA,NA,NA,NA
2008,11,7,5,937,940,1053,1055,B6,1004,N729JB,76,75,34,-2,-3,JFK,BOS,187,11,31,0,,0,NA,NA,NA,NA,NA
2008,2,19,2,1330,1310,1430,1408,YV,7437,N77278,60,58,37,22,20,ORD,SPI,174,5,18,0,,0,22,0,0,0,0
2008,12,26,5,737,740,1000,1020,WN,525,N625SW,143,160,131,-20,-3,PBI,PHL,951,4,8,0,,0,NA,NA,NA,NA,NA
2008,10,20,1,730,735,832,833,YV,7191,N518LR,122,118,101,-1,-5,CLT,ORD,599,4,17,0,,0,NA,NA,NA,NA,NA
2008,10,17,5,1419,1413,1730,1719,DL,1507,N982DL,191,186,154,11,6,LGA,TPA,1011,8,29,0,,0,NA,NA,NA,NA,NA
2008,5,23,5,935,945,1021,1035,MQ,4377,N690AE,46,50,24,-14,-10,PIA,ORD,130,11,11,0,,0,NA,NA,NA,NA,NA
2008,7,19,6,1905,1905,2047,2100,MQ,4231,N845AE,102,115,87,-13,0,HSV,ORD,510,5,10,0,,0,NA,NA,NA,NA,NA
2008,6,17,2,1500,1504,1608,1610,OO,4022,N416SW,68,66,51,-2,-4,BOI,SLC,291,5,12,0,,0,NA,NA,NA,NA,NA
2008,3,15,6,1106,1115,1300,1315,XE,3097,N14116,174,180,158,-15,-9,PBI,IAH,956,6,10,0,,0,NA,NA,NA,NA,NA
2008,8,20,3,1714,1720,1802,1818,YV,7205,N651ML,48,58,37,-16,-6,GRB,ORD,174,5,6,0,,0,NA,NA,NA,NA,NA
2008,6,25,3,1014,1015,1253,1300,WN,3588,N425LV,99,105,86,-7,-1,BNA,TPA,612,4,9,0,,0,NA,NA,NA,NA,NA
2008,5,30,5,1255,1235,1939,1945,WN,801,N432WN,224,250,203,-6,20,LAS,CLE,1825,5,16,0,,0,NA,NA,NA,NA,NA
2008,11,10,1,1039,1045,1237,1210,UA,282,N328UA,118,85,90,27,-6,BUR,SFO,326,6,22,0,,0,0,0,27,0,0
2008,6,17,2,1933,1910,2036,2015,WN,3851,N275WN,63,65,48,21,23,LAS,SAN,258,4,11,0,,0,0,0,0,0,21
2008,4,9,3,NA,1210,NA,1740,AA,1006,,NA,210,NA,NA,NA,OAK,DFW,1456,NA,NA,1,A,0,NA,NA,NA,NA,NA
2008,5,5,1,1705,1710,1952,1959,OO,3806,N435SW,107,109,89,-7,-5,PDX,SLC,630,8,10,0,,0,NA,NA,NA,NA,NA
2008,7,15,2,944,946,1102,1115,OO,6525,N724SK,78,89,56,-13,-2,OAK,LAX,337,12,10,0,,0,NA,NA,NA,NA,NA
2008,11,13,4,1115,1040,1503,1435,WN,1876,N475WN,168,175,158,28,35,PHX,STL,1262,3,7,0,,0,28,0,0,0,0
2008,1,4,5,1353,1355,1509,1550,OH,5550,N442CA,136,175,115,-41,-2,JFK,BNA,766,6,15,0,,0,NA,NA,NA,NA,NA
2008,6,8,7,1026,1035,1555,1604,NW,356,N359NW,209,209,179,-9,-9,SFO,MSP,1589,18,12,0,,0,NA,NA,NA,NA,NA
2008,9,15,1,1343,1345,1526,1540,9E,5737,87759E,103,115,88,-14,-2,MEM,AUS,559,4,11,0,,0,NA,NA,NA,NA,NA
2008,1,7,1,757,800,1152,1205,AQ,486,N739AL,355,365,337,-13,-3,SAN,LIH,2677,5,13,0,,0,NA,NA,NA,NA,NA
2008,6,8,7,1910,1845,130,14,UA,168,N838UA,260,209,229,76,25,DEN,BWI,1491,4,27,0,,0,0,0,54,0,22
2008,7,25,5,1331,940,1538,1200,WN,179,N799SW,187,200,171,218,231,BWI,AUS,1342,6,10,0,,0,0,0,0,18,200
2008,11,4,2,1318,1315,1419,1415,WN,3936,N411WN,61,60,49,4,3,RDU,BWI,255,3,9,0,,0,NA,NA,NA,NA,NA
2008,9,4,4,2023,2025,2153,2219,XE,2665,N15985,90,114,75,-26,-2,DTW,EWR,487,5,10,0,,0,NA,NA,NA,NA,NA
2008,4,19,6,1819,1830,1917,1940,AA,1609,N253AA,58,70,44,-23,-11,ORD,STL,258,3,11,0,,0,NA,NA,NA,NA,NA
2008,8,21,4,1255,1305,1436,1438,OH,5731,N941CA,101,93,85,-2,-10,RDU,ATL,356,6,10,0,,0,NA,NA,NA,NA,NA
2008,6,15,7,1713,1715,1828,1830,9E,4712,84759E,75,75,42,-2,-2,MSP,DSM,232,2,31,0,,0,NA,NA,NA,NA,NA
2008,10,9,4,709,700,1228,1230,WN,84,N610WN,199,210,186,-2,9,OAK,AUS,1497,5,8,0,,0,NA,NA,NA,NA,NA
2008,1,4,5,1524,1525,1705,1659,OH,5043,N958CA,101,94,76,6,-1,CVG,CHS,497,10,15,0,,0,NA,NA,NA,NA,NA
2008,10,11,6,829,818,955,947,YV,7125,N75987,86,89,62,8,11,IAD,MYR,372,5,19,0,,0,NA,NA,NA,NA,NA
2008,6,11,3,936,940,1122,1137,EV,4890,N826AS,106,117,83,-15,-4,ATL,GRR,640,5,18,0,,0,NA,NA,NA,NA,NA
2008,9,5,5,1006,959,1239,1237,OO,3987,N426SW,93,98,73,2,7,GEG,SLC,546,7,13,0,,0,NA,NA,NA,NA,NA
2008,6,8,7,1452,1455,1817,1810,AA,2024,N237AA,145,135,129,7,-3,BNA,LGA,764,7,9,0,,0,NA,NA,NA,NA,NA
2008,4,4,5,1655,1655,1726,1712,OH,5553,N796CA,91,77,67,14,0,CVG,HSV,325,6,18,0,,0,NA,NA,NA,NA,NA
2008,8,12,2,1818,1805,1929,1930,WN,2961,N358SW,71,85,60,-1,13,MDW,MCI,405,4,7,0,,0,NA,NA,NA,NA,NA
2008,7,28,1,1855,1835,2018,2010,OH,5539,N804CA,83,95,56,8,20,BTV,JFK,267,14,13,0,,0,NA,NA,NA,NA,NA
2008,1,25,5,2005,1935,2059,2028,XE,7707,N33182,114,113,85,31,30,SLC,ONT,558,4,25,0,,0,30,0,1,0,0
2008,9,24,3,2109,2100,2150,2217,US,2191,N710UW,41,77,35,-27,9,LGA,DCA,214,2,4,0,,0,NA,NA,NA,NA,NA
2008,1,7,1,1119,1120,1229,1220,WN,1838,N680AA,190,180,174,9,-1,AUS,LAS,1090,5,11,0,,0,NA,NA,NA,NA,NA
2008,8,15,5,1939,1831,2230,2132,DL,1405,N3737C,351,361,329,58,68,BDL,LAX,2527,7,15,0,,0,4,9,0,0,45
2008,10,19,7,2045,2045,2155,2234,B6,36,N624JB,70,109,47,-39,0,JFK,ROC,264,2,21,0,,0,NA,NA,NA,NA,NA
2008,5,11,7,1911,1915,2154,2208,CO,1593,N75851,163,173,132,-14,-4,MCO,EWR,938,13,18,0,,0,NA,NA,NA,NA,NA
2008,9,5,5,806,810,952,1008,EV,4187,N930EV,46,58,28,-16,-4,MGM,ATL,147,10,8,0,,0,NA,NA,NA,NA,NA
2008,4,27,7,803,805,1118,1120,DL,1879,N991DL,195,195,172,-2,-2,BOS,TPA,1185,4,19,0,,0,NA,NA,NA,NA,NA
2008,12,4,4,1813,1815,2106,2142,UA,447,N818UA,353,387,314,-36,-2,PHL,SFO,2521,4,35,0,,0,NA,NA,NA,NA,NA
2008,9,23,2,1552,1550,1646,1655,WN,306,N919WN,54,65,43,-9,2,BUR,LAS,223,4,7,0,,0,NA,NA,NA,NA,NA
2008,10,8,3,1037,1040,1200,1207,OH,6418,N917CA,83,87,66,-7,-3,CVG,RDU,390,5,12,0,,0,NA,NA,NA,NA,NA
2008,12,22,1,2203,2150,2350,2340,UA,423,N386UA,167,170,147,10,13,DEN,SFO,967,5,15,0,,0,NA,NA,NA,NA,NA
2008,3,28,5,1736,1655,2122,2035,AA,1046,N3BHAA,166,160,132,47,41,DFW,MIA,1121,5,29,0,,0,0,0,47,0,0
2008,9,4,4,1536,1540,1745,1758,US,1282,N423US,129,138,118,-13,-4,PBI,DCA,857,4,7,0,,0,NA,NA,NA,NA,NA
2008,6,21,6,1920,1920,2033,2055,YV,7156,N513MJ,73,95,63,-22,0,PVD,IAD,372,4,6,0,,0,NA,NA,NA,NA,NA
2008,11,7,5,1556,1555,1850,1925,AA,133,N320AA,354,390,311,-35,1,JFK,LAX,2475,9,34,0,,0,NA,NA,NA,NA,NA
2008,11,30,7,1143,925,1308,1055,WN,3544,N713SW,85,90,66,133,138,SAN,OAK,446,6,13,0,,0,7,0,0,0,126
2008,8,30,6,1234,1233,1755,1759,UA,316,N809UA,201,206,181,-4,1,DEN,IAD,1452,6,14,0,,0,NA,NA,NA,NA,NA
2008,9,20,6,1128,1130,1210,1220,OO,3813,N442SW,102,110,85,-10,-2,SLC,ONT,558,5,12,0,,0,NA,NA,NA,NA,NA
2008,9,2,2,918,920,1031,1035,WN,817,N291WN,73,75,59,-4,-2,SMF,ONT,389,4,10,0,,0,NA,NA,NA,NA,NA
2008,5,7,3,557,600,652,709,YV,7143,N75993,115,129,101,-17,-3,CAE,ORD,666,3,11,0,,0,NA,NA,NA,NA,NA
2008,8,7,4,1529,1532,1840,1826,NW,1107,N374NW,191,174,163,14,-3,RSW,DTW,1085,9,19,0,,0,NA,NA,NA,NA,NA
2008,8,26,2,1553,1515,1656,1636,B6,12,N516JB,63,81,43,20,38,JFK,SYR,209,2,18,0,,0,0,0,0,0,20
2008,9,14,7,NA,1520,NA,2002,B6,626,N187JB,NA,222,NA,NA,NA,HOU,JFK,1428,NA,NA,1,B,0,NA,NA,NA,NA,NA
2008,7,24,4,1126,1131,1406,1418,OO,4122,N443SW,100,107,85,-12,-5,TUS,SLC,601,4,11,0,,0,NA,NA,NA,NA,NA
2008,10,14,2,1827,1835,1937,1959,EV,5109,N877AS,70,84,54,-22,-8,ATL,ILM,377,3,13,0,,0,NA,NA,NA,NA,NA
2008,9,15,1,721,725,735,754,EV,4819,N981EV,74,89,57,-19,-4,MCO,PNS,380,3,14,0,,0,NA,NA,NA,NA,NA
2008,12,11,4,1339,1320,1705,1635,XE,2030,N14991,146,135,122,30,19,IAH,CVG,871,5,19,0,,0,0,19,11,0,0
2008,2,25,1,1813,1644,1904,1731,OO,3770,N433SW,111,107,92,93,89,SLC,GEG,546,4,15,0,,0,0,0,0,0,93
2008,4,16,3,726,725,921,920,OO,2710,N403SW,55,55,32,1,1,MKE,FNT,211,5,18,0,,0,NA,NA,NA,NA,NA
2008,3,27,4,612,615,907,915,DL,1630,N621DL,115,120,88,-8,-3,SAN,SLC,626,7,20,0,,0,NA,NA,NA,NA,NA
2008,11,8,6,1755,1748,1810,1756,YV,2743,N97325,75,68,43,14,7,PHX,PSP,261,5,27,0,,0,NA,NA,NA,NA,NA
2008,6,8,7,1837,1750,1955,1915,WN,3848,N259WN,78,85,65,40,47,BNA,MDW,395,4,9,0,,0,0,40,0,0,0
2008,5,29,4,1823,1800,1947,1930,MQ,4783,N720AE,84,90,61,17,23,DCA,BOS,399,5,18,0,,0,0,0,0,0,17
2008,3,6,4,733,740,934,936,EV,4585,N844AS,121,116,83,-2,-7,CAE,LGA,617,28,10,0,,0,NA,NA,NA,NA,NA
2008,12,10,3,938,945,1122,1135,US,486,N334AW,104,110,85,-13,-7,PHX,DEN,602,8,11,0,,0,NA,NA,NA,NA,NA
2008,8,6,3,1601,1602,2342,2359,US,683,N807AW,281,297,263,-17,-1,PHX,EWR,2133,8,10,0,,0,NA,NA,NA,NA,NA
2008,5,6,2,1143,1150,1419,1400,AA,1249,N510AA,216,190,169,19,-7,FLL,DFW,1119,32,15,0,,0,0,0,19,0,0
2008,7,20,7,1657,1411,1821,1537,FL,207,N979AT,84,86,73,164,166,CAK,LGA,396,4,7,0,,0,0,0,164,0,0
2008,2,28,4,1710,1710,1806,1810,WN,50,N617SW,56,60,44,-4,0,HRL,HOU,276,6,6,0,,0,NA,NA,NA,NA,NA
2008,5,1,4,2141,2100,2245,2205,MQ,3559,N521AE,64,65,43,40,41,DFW,XNA,281,3,18,0,,0,40,0,0,0,0
2008,1,5,6,652,700,NA,846,DL,1755,N6714Q,NA,106,NA,NA,-8,PHX,SLC,507,NA,16,0,,1,NA,NA,NA,NA,NA
2008,7,30,3,1952,1957,2148,2153,US,371,N672AW,116,116,92,-5,-5,PHX,SMF,647,5,19,0,,0,NA,NA,NA,NA,NA
2008,4,1,2,730,720,1031,1015,DL,654,N934DL,181,175,137,16,10,FLL,JFK,1069,13,31,0,,0,10,0,6,0,0
2008,1,31,4,1818,1555,1949,1730,MQ,3846,N689EC,91,95,71,139,143,JAN,DFW,408,10,10,0,,0,0,0,0,0,139
2008,10,15,3,2013,2005,2125,2114,US,1022,N954UW,72,69,42,11,8,CLT,RIC,256,5,25,0,,0,NA,NA,NA,NA,NA
2008,8,19,2,1615,1615,1743,1800,US,1776,N430US,88,105,72,-17,0,CLT,PHL,448,5,11,0,,0,NA,NA,NA,NA,NA
2008,5,10,6,2020,2025,2257,2305,OO,6356,N751SK,97,100,75,-8,-5,SFO,SLC,599,4,18,0,,0,NA,NA,NA,NA,NA
2008,7,29,2,1129,1045,1546,1455,WN,893,N508SW,137,130,101,51,44,LAS,MAF,796,2,34,0,,0,9,0,7,0,35
2008,5,17,6,1124,1115,1334,1342,AS,252,N791AS,130,147,118,-8,9,PDX,LAX,834,5,7,0,,0,NA,NA,NA,NA,NA
2008,4,9,3,2108,2055,2140,2125,WN,68,N203WN,92,90,82,15,13,SAT,ELP,496,3,7,0,,0,0,0,2,0,13
2008,9,30,2,NA,640,NA,735,WN,1835,,NA,115,NA,NA,NA,DEN,PHX,602,NA,NA,1,A,0,NA,NA,NA,NA,NA
2008,1,29,2,1903,1849,2025,2010,F9,582,N921FR,82,81,49,15,14,SLC,DEN,391,7,26,0,,0,0,0,1,0,14
2008,8,18,1,1036,1040,1120,1121,EV,5024,N331CA,44,41,20,-1,-4,CVG,SDF,83,3,21,0,,0,NA,NA,NA,NA,NA
2008,4,9,3,1510,1515,1546,1605,9E,2963,88289E,36,50,18,-19,-5,FNT,DTW,56,9,9,0,,0,NA,NA,NA,NA,NA
2008,1,24,4,1735,1735,2021,2015,AA,2402,N568AA,166,160,131,6,0,AUS,ORD,978,26,9,0,,0,NA,NA,NA,NA,NA
2008,4,2,3,2030,2030,2120,2130,WN,57,N400WN,50,60,37,-10,0,DAL,HOU,239,6,7,0,,0,NA,NA,NA,NA,NA
2008,8,25,1,1209,1215,1732,1745,WN,703,N445WN,203,210,190,-13,-6,DEN,TPA,1506,4,9,0,,0,NA,NA,NA,NA,NA
2008,11,16,7,732,735,910,915,MQ,4473,N693MQ,158,160,144,-5,-3,JAX,ORD,865,2,12,0,,0,NA,NA,NA,NA,NA
2008,7,23,3,945,947,1103,1056,FL,156,N286AT,78,69,46,7,-2,JAX,ATL,270,23,9,0,,0,NA,NA,NA,NA,NA
2008,9,15,1,1542,1540,1729,1725,MQ,3692,N687JS,167,165,146,4,2,GRR,DFW,931,7,14,0,,0,NA,NA,NA,NA,NA
2008,7,31,4,1535,1530,1629,1637,OO,5703,N220SW,54,67,49,-8,5,SBA,SJC,234,2,3,0,,0,NA,NA,NA,NA,NA
2008,9,1,1,1644,1650,1956,1935,AA,1290,N3APAA,192,165,172,21,-6,STX,MIA,1139,7,13,0,,0,0,0,21,0,0
2008,12,26,5,NA,1945,NA,2040,MQ,4263,N625MQ,NA,115,NA,NA,NA,TYS,ORD,475,NA,NA,1,B,0,NA,NA,NA,NA,NA
2008,8,14,4,637,640,814,820,WN,2553,N348SW,97,100,83,-6,-3,RNO,SEA,564,6,8,0,,0,NA,NA,NA,NA,NA
2008,9,1,1,807,815,919,916,US,182,N625AW,252,241,220,3,-8,CMH,PHX,1671,17,15,0,,0,NA,NA,NA,NA,NA
2008,4,25,5,1945,1825,2051,1910,WN,44,N379SW,126,105,86,101,80,DAL,ELP,562,4,36,0,,0,9,0,21,0,71
2008,12,21,7,1829,1735,2149,2100,XE,2044,N27152,140,145,111,49,54,IAH,CLT,913,12,17,0,,0,0,17,0,0,32
2008,1,2,3,720,720,1215,1215,AA,1264,N409AA,175,175,159,0,0,ONT,DFW,1189,7,9,0,,0,NA,NA,NA,NA,NA
2008,12,21,7,2013,1850,2311,2200,US,927,N762US,358,370,342,71,83,PHL,PDX,2406,5,11,0,,0,38,0,0,0,33
2008,3,26,3,958,1000,1150,1135,WN,2470,N524SW,112,95,82,15,-2,TUS,LAX,451,15,15,0,,0,0,0,15,0,0
2008,2,29,5,2005,1945,2055,2043,US,1065,N426US,50,58,36,12,20,MYR,CLT,156,5,9,0,,0,NA,NA,NA,NA,NA
2008,6,8,7,1443,1440,1625,1625,MQ,3360,N511AE,162,165,141,0,3,PIT,DFW,1068,12,9,0,,0,NA,NA,NA,NA,NA
2008,8,15,5,754,800,959,1003,EV,4720,N860AS,125,123,94,-4,-6,MDT,ATL,619,20,11,0,,0,NA,NA,NA,NA,NA
2008,9,6,6,839,845,1229,1235,AA,1394,N501AA,170,170,148,-6,-6,DFW,FLL,1119,12,10,0,,0,NA,NA,NA,NA,NA
2008,2,17,7,2137,2045,21,2324,AS,502,N788AS,164,159,143,57,52,SEA,SAN,1050,3,18,0,,0,0,0,5,0,52
2008,10,24,5,1048,1050,1235,1258,OH,6374,N938CA,107,128,91,-23,-2,CHS,LGA,641,6,10,0,,0,NA,NA,NA,NA,NA
2008,5,14,3,1754,1655,1907,1825,UA,563,N336UA,133,150,107,42,59,PHL,ORD,678,11,15,0,,0,42,0,0,0,0
2008,12,16,2,1820,1710,2331,2130,AA,1406,N537AA,251,200,180,121,70,PHX,ORD,1440,60,11,0,,0,0,0,74,0,47
2008,3,1,6,956,1000,1057,1110,AA,325,N454AA,61,70,43,-13,-4,ORD,STL,258,4,14,0,,0,NA,NA,NA,NA,NA
2008,10,27,1,602,605,709,706,OO,5787,N270YV,67,61,50,3,-3,MFR,PDX,222,3,14,0,,0,NA,NA,NA,NA,NA
2008,4,17,4,629,630,806,815,WN,2534,N248WN,97,105,84,-9,-1,HOU,BNA,670,6,7,0,,0,NA,NA,NA,NA,NA
2008,7,27,7,600,606,808,822,FL,587,N604AT,128,136,105,-14,-6,EWR,ATL,745,9,14,0,,0,NA,NA,NA,NA,NA
2008,1,28,1,844,845,1114,1100,EV,4664,N836AS,150,135,129,14,-1,ATL,HPN,780,3,18,0,,0,NA,NA,NA,NA,NA
2008,11,8,6,640,640,745,752,OO,4781,N432SW,65,72,49,-7,0,BTM,SLC,357,5,11,0,,0,NA,NA,NA,NA,NA
2008,11,7,5,1623,1605,1822,1817,XE,3039,N13970,119,132,95,5,18,EWR,CAE,602,4,20,0,,0,NA,NA,NA,NA,NA
2008,2,19,2,1250,1255,1308,1320,9E,5807,89699E,78,85,60,-12,-5,DTW,EVV,364,7,11,0,,0,NA,NA,NA,NA,NA
2008,11,27,4,NA,1240,NA,1420,WN,1201,,NA,100,NA,NA,NA,SAN,SFO,447,NA,NA,1,C,0,NA,NA,NA,NA,NA
2008,1,30,3,1552,1550,1708,1715,WN,3334,N692SW,76,85,64,-7,2,LAS,RNO,345,3,9,0,,0,NA,NA,NA,NA,NA
2008,4,15,2,1702,1530,2048,1917,XE,2666,N13968,166,167,152,91,92,IAH,RDU,1043,3,11,0,,0,0,0,0,0,91
2008,8,12,2,1405,1415,1731,1717,NW,1230,N365NW,146,122,125,14,-10,COS,MSP,725,8,13,0,,0,NA,NA,NA,NA,NA
2008,3,18,2,1028,1029,1203,1148,DL,1916,N910DE,95,79,33,15,-1,LGA,BOS,185,10,52,0,,0,0,0,15,0,0
2008,9,22,1,2005,2010,2230,2235,MQ,4345,N613AE,85,85,63,-5,-5,ORD,PIT,412,3,19,0,,0,NA,NA,NA,NA,NA
2008,8,13,3,1227,1231,1325,1330,MQ,3202,N307AE,58,59,39,-5,-4,LAW,DFW,140,9,10,0,,0,NA,NA,NA,NA,NA
2008,6,20,5,807,800,1626,1627,B6,188,N556JB,319,327,298,-1,7,SAN,JFK,2446,5,16,0,,0,NA,NA,NA,NA,NA
2008,1,17,4,1348,1326,1638,1616,NW,762,N785NC,110,110,83,22,22,MSP,DTW,528,12,15,0,,0,0,0,0,0,22
2008,8,15,5,1944,1944,2027,2024,UA,593,N331UA,103,100,83,3,0,OMA,DEN,472,9,11,0,,0,NA,NA,NA,NA,NA
2008,1,8,2,1025,1025,1701,1628,DL,1148,N687DL,276,243,215,33,0,SLC,BWI,1864,26,35,0,,0,0,0,33,0,0
2008,9,19,5,1103,1110,1219,1230,MQ,3561,N925AE,136,140,115,-11,-7,DFW,GJT,772,2,19,0,,0,NA,NA,NA,NA,NA
2008,6,10,2,1813,1815,2056,2028,US,1260,N701UW,343,313,328,28,-2,PIT,SFO,2254,5,10,0,,0,0,0,28,0,0
2008,2,23,6,1953,1955,2310,2320,MQ,3567,N663AR,137,145,116,-10,-2,DFW,GSO,999,2,19,0,,0,NA,NA,NA,NA,NA
2008,4,21,1,1823,1825,2108,2110,AA,1220,N3CVAA,105,105,91,-2,-2,MSY,MIA,674,5,9,0,,0,NA,NA,NA,NA,NA
2008,10,23,4,2121,2129,2302,2255,9E,2930,88289E,101,86,59,7,-8,DTW,AVP,398,2,40,0,,0,NA,NA,NA,NA,NA
2008,7,9,3,839,840,1011,1020,US,1045,N746UW,92,100,79,-9,-1,DTW,CLT,500,4,9,0,,0,NA,NA,NA,NA,NA
2008,2,11,1,1521,1435,1627,1550,WN,892,N463WN,66,75,52,37,46,DEN,ABQ,349,4,10,0,,0,37,0,0,0,0
2008,9,2,2,1846,1845,1959,2012,XE,3022,N13989,73,87,60,-13,1,IAH,GPT,376,4,9,0,,0,NA,NA,NA,NA,NA
2008,2,18,1,1434,1435,1540,1556,US,975,N766US,66,81,47,-16,-1,CLT,DCA,331,5,14,0,,0,NA,NA,NA,NA,NA
2008,1,28,1,2206,1848,2306,2002,YV,7310,N515MJ,120,134,100,184,198,MDT,ORD,594,5,15,0,,0,0,0,184,0,0
2008,10,20,1,1316,1310,1538,1545,WN,408,N629SW,142,155,127,-7,6,LAS,GEG,806,6,9,0,,0,NA,NA,NA,NA,NA
2008,10,9,4,755,800,1112,1123,B6,1263,N589JB,257,263,231,-11,-5,BOS,AUS,1698,5,21,0,,0,NA,NA,NA,NA,NA
2008,5,20,2,1121,1126,1215,1214,DL,1103,N3739,114,108,83,1,-5,SLC,SMF,532,7,24,0,,0,NA,NA,NA,NA,NA
2008,7,3,4,1700,1711,1755,1804,NW,1558,N8933E,55,53,33,-9,-11,GRR,DTW,120,12,10,0,,0,NA,NA,NA,NA,NA
2008,10,26,7,1145,1148,1243,1258,OO,5844,N916SW,58,70,45,-15,-3,RAP,DEN,301,7,6,0,,0,NA,NA,NA,NA,NA
2008,8,25,1,1507,1510,1711,1727,US,1741,N701UW,124,137,111,-16,-3,DCA,TPA,814,2,11,0,,0,NA,NA,NA,NA,NA
2008,11,25,2,1827,1830,1955,1950,DL,1364,N928DL,88,80,52,5,-3,DCA,LGA,214,3,33,0,,0,NA,NA,NA,NA,NA
2008,9,12,5,825,828,1033,1042,UA,1571,N438UA,128,134,106,-9,-3,IAD,TPA,810,3,19,0,,0,NA,NA,NA,NA,NA
2008,3,17,1,1327,1330,1446,1456,DL,1804,N667DN,79,86,57,-10,-3,ATL,MCO,403,6,16,0,,0,NA,NA,NA,NA,NA
2008,3,29,6,1929,1925,47,45,WN,3089,N289CT,198,200,181,2,4,LAS,MDW,1521,5,12,0,,0,NA,NA,NA,NA,NA
2008,6,13,5,651,655,901,905,MQ,4483,N643AE,70,70,49,-4,-4,ORD,CMH,296,3,18,0,,0,NA,NA,NA,NA,NA
2008,3,19,3,1240,1245,1359,1351,MQ,3005,N384AE,79,66,57,8,-5,LAX,SBP,155,6,16,0,,0,NA,NA,NA,NA,NA
2008,6,26,4,1317,1315,1432,1420,MQ,4023,N676AE,75,65,41,12,2,ORD,LSE,215,2,32,0,,0,NA,NA,NA,NA,NA
2008,10,13,1,1437,1300,1551,1425,AA,2233,N421AA,134,145,122,86,97,RSW,STL,979,3,9,0,,0,0,0,0,0,86
2008,2,14,4,2049,2050,2131,2140,MQ,4123,N693AE,42,50,27,-9,-1,ORD,CMI,135,3,12,0,,0,NA,NA,NA,NA,NA
2008,12,3,3,1714,1715,1849,1842,YV,7189,N508MJ,95,87,56,7,-1,IAD,CLT,321,6,33,0,,0,NA,NA,NA,NA,NA
2008,9,3,3,1028,1028,1117,1115,YV,1044,N27318,49,47,34,2,0,ITO,HNL,216,6,9,0,,0,NA,NA,NA,NA,NA
2008,2,29,5,1711,1659,1826,1810,NW,1724,N926NW,75,71,44,16,12,DTW,IND,231,12,19,0,,0,12,0,4,0,0
2008,10,12,7,1421,1415,1638,1635,WN,1387,N350SW,77,80,65,3,6,BHM,TPA,460,4,8,0,,0,NA,NA,NA,NA,NA
2008,3,27,4,719,715,1322,1324,CO,1846,N27734,243,249,215,-2,4,SEA,IAH,1874,14,14,0,,0,NA,NA,NA,NA,NA
2008,10,11,6,903,855,1046,1049,NW,1689,N339NB,103,114,83,-3,8,RDU,DTW,501,10,10,0,,0,NA,NA,NA,NA,NA
2008,11,5,3,1509,1516,1541,1557,OO,5933,N412SW,32,41,17,-16,-7,COS,DEN,72,6,9,0,,0,NA,NA,NA,NA,NA
2008,2,10,7,1121,1118,1236,1236,NW,1180,N752NW,75,78,49,0,3,IND,DTW,231,14,12,0,,0,NA,NA,NA,NA,NA
2008,9,19,5,1507,1510,2013,2020,WN,937,N614SW,186,190,174,-7,-3,LAX,MCI,1363,3,9,0,,0,NA,NA,NA,NA,NA
2008,12,9,2,1613,1440,1618,1455,US,638,N314AW,65,75,51,83,93,PHX,ONT,325,3,11,0,,0,83,0,0,0,0
2008,5,8,4,1455,1432,1601,1544,OO,6063,N905SW,66,72,44,17,23,DEN,RAP,301,5,17,0,,0,0,0,0,0,17
2008,8,7,4,1432,1300,2236,2131,US,728,N114UW,304,331,286,65,92,SFO,PHL,2521,4,14,0,,0,0,0,65,0,0
2008,11,8,6,711,725,1008,1014,OO,4685,N340CA,117,109,98,-6,-14,PDX,SLC,630,3,16,0,,0,NA,NA,NA,NA,NA
2008,6,27,5,1024,1030,1144,1155,FL,826,N922AT,80,85,62,-11,-6,BOS,BWI,370,7,11,0,,0,NA,NA,NA,NA,NA
2008,2,6,3,1426,1405,1623,1555,MQ,4887,N715AE,117,110,95,28,21,LGA,CLE,418,4,18,0,,0,0,0,7,0,21
2008,4,24,4,1156,1200,1311,1317,US,137,N155AW,75,77,40,-6,-4,LAS,SNA,226,13,22,0,,0,NA,NA,NA,NA,NA
2008,8,27,3,1539,1549,1823,1838,OO,6634,N973SW,104,109,84,-15,-10,DEN,SGF,637,7,13,0,,0,NA,NA,NA,NA,NA
2008,5,21,3,1841,1825,2111,2108,DL,1874,N619DL,150,163,136,3,16,MCO,BDL,1050,4,10,0,,0,NA,NA,NA,NA,NA
2008,3,28,5,1359,1336,1451,1430,UA,1455,N498UA,112,114,87,21,23,DEN,PHX,602,8,17,0,,0,7,0,0,0,14
2008,4,23,3,1140,1140,1916,1918,DL,1056,N385DN,276,278,250,-2,0,SJC,ATL,2116,14,12,0,,0,NA,NA,NA,NA,NA
2008,9,25,4,1243,1245,1410,1416,FL,985,N945AT,87,91,71,-6,-2,ATL,PIT,526,4,12,0,,0,NA,NA,NA,NA,NA
2008,10,14,2,556,600,805,819,DL,833,N688DL,129,139,102,-14,-4,EWR,ATL,745,10,17,0,,0,NA,NA,NA,NA,NA
2008,9,9,2,1010,1014,1210,1200,YV,2748,N7305V,120,106,84,10,-4,PHX,SBP,509,5,31,0,,0,NA,NA,NA,NA,NA
2008,9,18,4,1153,1155,1305,1310,WN,696,N463WN,72,75,47,-5,-2,LAS,BUR,223,3,22,0,,0,NA,NA,NA,NA,NA
2008,8,1,5,1922,1920,2027,2030,WN,1599,N294WN,65,70,53,-3,2,ONT,OAK,361,6,6,0,,0,NA,NA,NA,NA,NA
2008,12,2,2,2020,2025,2256,2250,EV,5462,N903EV,156,145,124,6,-5,ATL,HPN,780,3,29,0,,0,NA,NA,NA,NA,NA
2008,11,20,4,1440,1440,1620,1635,AA,1033,N553AA,160,175,140,-15,0,TPA,DFW,929,8,12,0,,0,NA,NA,NA,NA,NA
2008,4,4,5,1335,1320,1618,1615,WN,2883,N716SW,163,175,140,3,15,FLL,ISP,1093,8,15,0,,0,NA,NA,NA,NA,NA
2008,1,1,2,1020,1025,1123,1139,OO,5539,N293SW,63,74,44,-16,-5,LAX,FAT,209,4,15,0,,0,NA,NA,NA,NA,NA
2008,1,17,4,2205,2145,2204,2150,WN,1612,N254WN,59,65,47,14,20,PHX,SAN,304,2,10,0,,0,NA,NA,NA,NA,NA
2008,9,16,2,1049,1055,1210,1225,OO,4144,N607SK,81,90,62,-15,-6,DEN,SLC,391,4,15,0,,0,NA,NA,NA,NA,NA
2008,1,17,4,1139,1120,1242,1230,MQ,3558,N629AE,63,70,44,12,19,MAF,DFW,309,9,10,0,,0,NA,NA,NA,NA,NA
2008,1,12,6,1034,1035,1223,1225,9E,3726,85169E,109,110,86,-2,-1,DTW,GSP,508,3,20,0,,0,NA,NA,NA,NA,NA
2008,1,7,1,1215,1215,1319,1320,WN,20,N519SW,64,65,51,-1,0,DAL,LBB,293,3,10,0,,0,NA,NA,NA,NA,NA
2008,3,31,1,1118,1105,1230,1210,DL,819,N661DN,252,245,226,20,13,ATL,TUS,1541,6,20,0,,0,8,0,7,0,5
2008,9,2,2,1100,1100,1309,1325,WN,1304,N385SW,129,145,117,-16,0,GEG,LAS,806,3,9,0,,0,NA,NA,NA,NA,NA
2008,4,4,5,2010,1937,2057,2017,YV,1957,N646BR,47,40,33,40,33,KOA,HNL,163,5,9,0,,0,0,0,7,0,33
2008,12,9,2,1724,1720,2005,1955,UA,949,N587UA,281,275,248,10,4,ORD,SEA,1721,7,26,0,,0,NA,NA,NA,NA,NA
2008,7,12,6,825,830,948,1000,WN,3473,N701GS,83,90,67,-12,-5,OAK,SAN,446,3,13,0,,0,NA,NA,NA,NA,NA
2008,9,2,2,641,645,927,941,F9,110,N904FR,106,116,89,-14,-4,DEN,MSP,680,7,10,0,,0,NA,NA,NA,NA,NA
2008,5,27,2,1319,1325,1536,1540,MQ,3979,N629AE,77,75,52,-4,-6,ORD,SDF,286,9,16,0,,0,NA,NA,NA,NA,NA
2008,3,1,6,1414,1405,1810,1759,AA,462,N4YBAA,176,174,150,11,9,MSY,LGA,1183,5,21,0,,0,NA,NA,NA,NA,NA
2008,9,21,7,2230,2235,2327,2345,9E,4772,84329E,57,70,38,-18,-5,MSP,DSM,232,4,15,0,,0,NA,NA,NA,NA,NA
2008,9,7,7,1333,1338,1554,1624,CO,146,N76515,141,166,124,-30,-5,IAH,ORD,925,4,13,0,,0,NA,NA,NA,NA,NA
2008,2,14,4,1626,1630,1846,1829,US,1244,N511AU,140,119,102,17,-4,CLT,BDL,644,5,33,0,,0,0,0,17,0,0
2008,5,6,2,1709,1712,1810,1820,UA,469,N371UA,121,128,98,-10,-3,GSO,ORD,590,9,14,0,,0,NA,NA,NA,NA,NA
2008,12,6,6,857,904,1125,1114,OO,5883,N964SW,148,130,122,11,-7,BHM,ORD,584,16,10,0,,0,NA,NA,NA,NA,NA
2008,5,10,6,700,700,643,650,MQ,4152,N616AE,43,50,30,-7,0,GRR,ORD,137,4,9,0,,0,NA,NA,NA,NA,NA
2008,8,22,5,1926,1935,2149,2215,US,1044,N425US,143,160,129,-26,-9,TPA,PHL,920,4,10,0,,0,NA,NA,NA,NA,NA
2008,2,4,1,1717,1655,2058,2014,UA,508,N925UA,161,139,138,44,22,SMF,DEN,910,15,8,0,,0,0,0,27,0,17
2008,10,8,3,949,1000,1142,1145,EV,5236,N740EV,113,105,90,-3,-11,PIT,ATL,526,10,13,0,,0,NA,NA,NA,NA,NA
2008,8,12,2,1813,1815,2100,2110,AA,454,N502AA,107,115,89,-10,-2,ORD,RDU,647,4,14,0,,0,NA,NA,NA,NA,NA
2008,2,13,3,1754,1759,2106,2055,EV,4156,N851AS,132,116,102,11,-5,TUL,ATL,674,25,5,0,,0,NA,NA,NA,NA,NA
2008,3,22,6,736,745,912,916,XE,7783,N22909,96,91,58,-4,-9,SMF,LAX,373,23,15,0,,0,NA,NA,NA,NA,NA
2008,10,18,6,1100,1100,1254,1303,FL,100,N169AT,114,123,86,-9,0,ATL,PHL,665,5,23,0,,0,NA,NA,NA,NA,NA
2008,5,31,6,1522,1530,1608,1619,EV,4193,N830AS,46,49,26,-11,-8,CHA,ATL,106,6,14,0,,0,NA,NA,NA,NA,NA
2008,3,15,6,1430,1420,1526,1514,OO,5462,N233SW,56,54,31,12,10,LAX,PSP,110,6,19,0,,0,NA,NA,NA,NA,NA
2008,6,30,1,635,635,807,758,OH,5400,N966CA,92,83,75,9,0,GSP,CVG,317,3,14,0,,0,NA,NA,NA,NA,NA
2008,6,9,1,1539,1445,2047,1620,AA,801,N246AA,308,95,75,267,54,MCI,DFW,460,31,202,0,,0,0,0,213,0,54
2008,1,30,3,824,825,1143,1200,WN,1051,N734SA,139,155,128,-17,-1,MDW,TPA,997,3,8,0,,0,NA,NA,NA,NA,NA
2008,4,8,2,1716,1610,1850,1735,MQ,3395,N830AE,94,85,63,75,66,DFW,BTR,383,4,27,0,,0,66,0,9,0,0
2008,10,27,1,703,705,816,830,WN,757,N205WN,73,85,63,-14,-2,MDW,OMA,423,4,6,0,,0,NA,NA,NA,NA,NA
2008,5,12,1,1245,1240,1313,1310,9E,5768,85549E,88,90,72,3,5,GSP,MEM,441,7,9,0,,0,NA,NA,NA,NA,NA
2008,3,6,4,1147,1150,1252,1300,B6,915,N283JB,65,70,45,-8,-3,BOS,JFK,187,5,15,0,,0,NA,NA,NA,NA,NA
2008,7,2,3,635,645,1353,1409,DL,1610,N677DL,258,264,238,-16,-10,RNO,ATL,1993,10,10,0,,0,NA,NA,NA,NA,NA
2008,8,18,1,1525,1530,1943,2000,AS,96,N587AS,198,210,184,-17,-5,ANC,SEA,1449,5,9,0,,0,NA,NA,NA,NA,NA
2008,5,11,7,1949,1955,2153,2158,B6,1080,N529JB,124,123,102,-5,-6,CLT,JFK,541,4,18,0,,0,NA,NA,NA,NA,NA
2008,1,11,5,943,940,1205,1200,WN,3760,N789SW,142,140,125,5,3,IAD,MCO,758,6,11,0,,0,NA,NA,NA,NA,NA
2008,11,29,6,1820,1825,2046,2044,US,1514,N176UW,86,79,61,2,-5,LAX,PHX,370,5,20,0,,0,NA,NA,NA,NA,NA
2008,2,24,7,1104,1046,1418,1411,F9,168,N932FR,134,145,111,7,18,SJC,DEN,948,8,15,0,,0,NA,NA,NA,NA,NA
2008,6,4,3,846,840,1109,1102,XE,2982,N14542,143,142,91,7,6,EWR,CHS,628,3,49,0,,0,NA,NA,NA,NA,NA
2008,8,18,1,745,745,1000,1000,WN,2708,N607SW,135,135,119,0,0,IAD,TPA,810,5,11,0,,0,NA,NA,NA,NA,NA
2008,1,9,3,652,700,914,915,DL,934,N976DL,82,75,58,-1,-8,PNS,ATL,272,10,14,0,,0,NA,NA,NA,NA,NA
2008,3,8,6,2010,2000,2104,2100,WN,2924,N728SW,54,60,43,4,10,LAS,SAN,258,2,9,0,,0,NA,NA,NA,NA,NA
2008,3,29,6,1048,1103,1345,1410,EV,4582,N827AS,117,127,97,-25,-15,OKC,ATL,761,7,13,0,,0,NA,NA,NA,NA,NA
2008,9,13,6,NA,1459,NA,1553,CO,678,,NA,54,NA,NA,NA,SAT,IAH,191,NA,NA,1,B,0,NA,NA,NA,NA,NA
2008,2,25,1,1908,1906,2134,2126,DL,1100,N618DL,146,140,113,8,2,ATL,BDL,859,6,27,0,,0,NA,NA,NA,NA,NA
2008,6,2,1,1550,1510,1858,1825,AA,1326,N502AA,128,135,111,33,40,STL,TPA,869,3,14,0,,0,0,0,0,0,33
2008,5,9,5,1504,1505,1627,1631,EV,4220,N901EV,83,86,57,-4,-1,ATL,OAJ,399,2,24,0,,0,NA,NA,NA,NA,NA
2008,9,20,6,850,853,1222,1229,UA,650,N514UA,152,156,133,-7,-3,SEA,DEN,1024,9,10,0,,0,NA,NA,NA,NA,NA
2008,3,7,5,1556,1545,1706,1655,WN,1099,N443WN,70,70,53,11,11,SAN,LAS,258,7,10,0,,0,NA,NA,NA,NA,NA
2008,11,30,7,918,855,1058,1025,CO,799,N73406,160,150,138,33,23,IAH,DEN,861,5,17,0,,0,23,0,10,0,0
2008,7,7,1,2015,2000,2128,2109,EV,4707,N643AS,73,69,44,19,15,ATL,AVL,164,3,26,0,,0,15,0,4,0,0
2008,12,25,4,1811,1815,1943,1957,XE,2300,N14960,92,102,77,-14,-4,ALB,CLE,424,6,9,0,,0,NA,NA,NA,NA,NA
2008,10,23,4,1701,1650,1752,1740,MQ,3965,N689MQ,51,50,31,12,11,ORD,MLI,139,3,17,0,,0,NA,NA,NA,NA,NA
2008,5,30,5,1645,1652,1821,1818,YV,7168,N27173,96,86,63,3,-7,IAD,CAE,401,4,29,0,,0,NA,NA,NA,NA,NA
2008,4,12,6,600,600,906,825,AA,1277,N4XUAA,246,205,214,41,0,PHL,DFW,1302,10,22,0,,0,0,0,41,0,0
2008,5,1,4,2001,2014,2055,2049,US,401,N813AW,174,155,144,6,-13,DFW,PHX,868,8,22,0,,0,NA,NA,NA,NA,NA
2008,11,14,5,639,630,808,805,DL,800,N3736C,89,95,67,3,9,ATL,DCA,547,7,15,0,,0,NA,NA,NA,NA,NA
2008,8,8,5,4,2345,655,650,US,98,N679AW,231,245,203,5,19,LAS,DTW,1750,6,22,0,,0,NA,NA,NA,NA,NA
2008,1,9,3,640,645,743,750,WN,112,N501SW,63,65,47,-7,-5,OKC,MCI,313,4,12,0,,0,NA,NA,NA,NA,NA
2008,5,22,4,1849,1838,2019,2009,OO,6139,N971SW,150,151,130,10,11,ABQ,SFO,896,8,12,0,,0,NA,NA,NA,NA,NA
2008,5,24,6,1508,1516,1605,1640,9E,2997,89039E,117,144,102,-35,-8,DTW,XNA,716,3,12,0,,0,NA,NA,NA,NA,NA
2008,7,5,6,742,750,907,929,AA,591,N244AA,145,159,127,-22,-8,BOS,ORD,867,5,13,0,,0,NA,NA,NA,NA,NA
2008,6,27,5,1319,1325,1723,1720,AA,647,N617AA,244,235,203,3,-6,JFK,SJU,1597,5,36,0,,0,NA,NA,NA,NA,NA
2008,8,26,2,1212,1220,1323,1337,XE,2909,N16963,131,137,112,-14,-8,SDF,IAH,788,8,11,0,,0,NA,NA,NA,NA,NA
2008,3,1,6,734,735,1005,1005,AA,2305,N461AA,151,150,127,0,-1,ORD,DFW,802,13,11,0,,0,NA,NA,NA,NA,NA
2008,6,18,3,1046,1050,1314,1330,B6,522,N605JB,148,160,127,-16,-4,MCO,EWR,938,8,13,0,,0,NA,NA,NA,NA,NA
2008,2,11,1,801,805,1106,1110,AA,675,N451AA,125,125,112,-4,-4,TUS,DFW,813,5,8,0,,0,NA,NA,NA,NA,NA
2008,5,2,5,955,1000,1048,1105,9E,5827,88699E,53,65,35,-17,-5,DTW,DAY,166,4,14,0,,0,NA,NA,NA,NA,NA
2008,12,9,2,1813,1818,2306,2307,OO,6430,N750SK,173,169,154,-1,-5,LAX,SAT,1210,7,12,0,,0,NA,NA,NA,NA,NA
2008,8,4,1,843,840,1151,1150,XE,417,N11187,128,130,109,1,3,SAN,COS,816,6,13,0,,0,NA,NA,NA,NA,NA
2008,9,26,5,908,910,950,950,YV,1023,N27318,42,40,27,0,-2,HNL,KOA,163,6,9,0,,0,NA,NA,NA,NA,NA
2008,11,26,3,1610,1555,1924,1920,WN,210,N799SW,134,145,120,4,15,SMF,DEN,910,6,8,0,,0,NA,NA,NA,NA,NA
2008,5,4,7,1514,1516,1621,1640,9E,2997,87719E,127,144,107,-19,-2,DTW,XNA,716,4,16,0,,0,NA,NA,NA,NA,NA
2008,10,31,5,632,630,739,737,CO,822,N31412,67,67,50,2,2,MSY,IAH,305,9,8,0,,0,NA,NA,NA,NA,NA
2008,8,8,5,901,845,1235,1230,MQ,3649,N500AE,154,165,133,5,16,DFW,PIT,1068,5,16,0,,0,NA,NA,NA,NA,NA
2008,7,21,1,634,635,659,710,WN,3661,N706SW,85,95,76,-11,-1,DAL,ELP,562,3,6,0,,0,NA,NA,NA,NA,NA
2008,7,19,6,1201,1205,1248,1300,WN,953,N779SW,47,55,36,-12,-4,MCO,FLL,178,4,7,0,,0,NA,NA,NA,NA,NA
2008,9,5,5,2038,2040,2155,2200,WN,106,N374SW,77,80,59,-5,-2,SAN,SJC,417,9,9,0,,0,NA,NA,NA,NA,NA
2008,9,3,3,1418,1410,1753,1748,XE,3048,N14905,155,158,127,5,8,IAH,CLT,913,4,24,0,,0,NA,NA,NA,NA,NA
2008,3,24,1,1722,1540,2313,2140,AA,1546,N4XBAA,231,240,212,93,102,LAX,ORD,1745,5,14,0,,0,4,0,0,0,89
2008,4,25,5,821,827,1108,1117,OO,6069,N980SW,107,110,84,-9,-6,SFO,SLC,599,4,19,0,,0,NA,NA,NA,NA,NA
2008,5,14,3,1344,1336,1547,1545,FL,457,N906AT,63,69,44,2,8,PNS,ATL,272,12,7,0,,0,NA,NA,NA,NA,NA
2008,8,31,7,933,935,1031,1035,WN,2949,N277WN,58,60,43,-4,-2,RDU,BWI,255,6,9,0,,0,NA,NA,NA,NA,NA
2008,5,17,6,1630,1630,1918,1923,DL,717,N997DL,168,173,146,-5,0,BOS,ATL,946,5,17,0,,0,NA,NA,NA,NA,NA
2008,3,6,4,1320,1320,1400,1400,OH,5460,N972CA,40,40,23,0,0,CVG,DAY,64,8,9,0,,0,NA,NA,NA,NA,NA
2008,7,22,2,703,700,803,810,MQ,3534,N515AE,60,70,46,-7,3,LIT,DFW,304,6,8,0,,0,NA,NA,NA,NA,NA
2008,3,18,2,556,600,744,744,DL,1523,N907DE,108,104,81,0,-4,RIC,ATL,481,10,17,0,,0,NA,NA,NA,NA,NA
2008,2,1,5,1055,1100,1440,1419,AA,15,N339AA,405,379,357,21,-5,JFK,SFO,2586,3,45,0,,0,0,0,21,0,0
2008,1,22,2,1440,1415,1529,1455,WN,2891,N305SW,109,100,83,34,25,CLE,STL,487,3,23,0,,0,10,0,9,0,15
2008,3,15,6,909,915,1029,1020,OO,3817,N865AS,80,65,52,9,-6,MTJ,SLC,268,4,24,0,,0,NA,NA,NA,NA,NA
2008,4,26,6,720,710,900,903,XE,2573,N14952,100,113,84,-3,10,IAH,BNA,657,6,10,0,,0,NA,NA,NA,NA,NA
2008,4,24,4,1233,1235,1421,1435,YV,7173,N511MJ,108,120,78,-14,-2,IAD,ATL,533,7,23,0,,0,NA,NA,NA,NA,NA
2008,9,19,5,2123,2020,2229,2124,US,1470,N751UW,66,64,38,65,63,PHL,SYR,228,5,23,0,,0,0,0,2,0,63
2008,8,25,1,1018,1025,1144,1145,CO,1171,N14667,146,140,116,-1,-7,EWR,ORD,719,10,20,0,,0,NA,NA,NA,NA,NA
2008,5,22,4,806,800,1051,1045,OO,6466,N740SK,105,105,86,6,6,LAX,SLC,590,5,14,0,,0,NA,NA,NA,NA,NA
2008,4,14,1,2130,2134,2305,2259,NW,1518,N317US,95,85,71,6,-4,DTW,ALB,488,2,22,0,,0,NA,NA,NA,NA,NA
2008,6,6,5,1740,1735,54,55,WN,2726,N788SA,254,260,239,-1,5,PHX,BWI,1999,4,11,0,,0,NA,NA,NA,NA,NA
2008,4,11,5,1454,1350,1559,1505,MQ,3609,N501BG,65,75,47,54,64,DFW,SGF,364,5,13,0,,0,17,0,0,0,37
2008,5,26,1,846,842,1019,1024,UA,899,N671UA,153,162,136,-5,4,DEN,SFO,967,4,13,0,,0,NA,NA,NA,NA,NA
2008,1,19,6,712,715,1013,1029,DL,1246,N913DL,181,194,154,-16,-3,FLL,BOS,1237,7,20,0,,0,NA,NA,NA,NA,NA
2008,7,24,4,634,630,1151,1209,NW,200,N334NW,197,219,174,-18,4,SJC,MSP,1576,8,15,0,,0,NA,NA,NA,NA,NA
2008,1,17,4,839,840,1027,1000,WN,270,N403WN,108,80,93,27,-1,MCI,MDW,405,5,10,0,,0,0,0,27,0,0
2008,9,3,3,1805,1815,1928,1933,XE,2726,N15941,83,78,61,-5,-10,MFE,IAH,316,7,15,0,,0,NA,NA,NA,NA,NA
2008,8,22,5,1109,1110,1232,1233,EV,4252,N843AS,83,83,56,-1,-1,SDF,ATL,321,11,16,0,,0,NA,NA,NA,NA,NA
2008,8,8,5,756,800,1056,1112,DL,683,N970DL,180,192,141,-16,-4,JFK,TPA,1005,12,27,0,,0,NA,NA,NA,NA,NA
2008,3,31,1,1818,1550,2143,1920,WN,3143,N605SW,145,150,132,143,148,MDW,TPA,997,4,9,0,,0,10,0,0,0,133
2008,12,13,6,1557,1559,1719,1725,FL,831,N168AT,82,86,67,-6,-2,MCO,ATL,403,5,10,0,,0,NA,NA,NA,NA,NA
2008,4,26,6,1250,1220,1341,1305,9E,5948,89649E,111,105,90,36,30,CMH,MEM,518,10,11,0,,0,0,0,6,0,30
2008,1,28,1,1153,1155,1349,1405,MQ,3504,N507AE,176,190,153,-16,-2,PIT,DFW,1068,15,8,0,,0,NA,NA,NA,NA,NA
2008,12,22,1,1541,1530,1625,1610,MQ,3384,N645MQ,44,40,24,15,11,ACT,DFW,89,7,13,0,,0,11,0,4,0,0
2008,5,2,5,1439,1410,1602,1530,NW,748,N9337,83,80,58,32,29,DTW,SYR,374,5,20,0,,0,0,29,3,0,0
2008,2,12,2,1022,1015,1243,1240,WN,1758,N491WN,141,145,120,3,7,SEA,LAS,866,7,14,0,,0,NA,NA,NA,NA,NA
2008,5,26,1,1340,1347,1508,1510,YV,2732,N904FJ,88,83,62,-2,-7,PHX,LGB,355,6,20,0,,0,NA,NA,NA,NA,NA
2008,10,20,1,643,645,918,925,AA,1821,N571AA,215,220,192,-7,-2,JFK,DFW,1391,7,16,0,,0,NA,NA,NA,NA,NA
2008,3,3,1,2109,2023,2350,2325,US,218,N654AW,341,362,291,25,46,EWR,LAS,2227,6,44,0,,0,0,0,0,0,25
2008,9,12,5,1635,1612,1741,1713,YV,2650,N912FJ,66,61,33,28,23,CLT,ILM,185,3,30,0,,0,28,0,0,0,0
2008,4,28,1,1815,1800,2002,1953,OH,5391,N721CA,107,113,82,9,15,CHS,CVG,497,2,23,0,,0,NA,NA,NA,NA,NA
2008,1,9,3,1432,1420,1502,1457,HA,373,N484HA,30,37,18,5,12,HNL,LIH,102,4,8,0,,0,NA,NA,NA,NA,NA
2008,5,18,7,709,715,946,958,AS,655,N618AS,157,163,144,-12,-6,PHX,PDX,1009,2,11,0,,0,NA,NA,NA,NA,NA
2008,3,29,6,623,630,718,721,OO,5405,N578SW,55,51,32,-3,-7,LAX,SAN,109,4,19,0,,0,NA,NA,NA,NA,NA
2008,11,18,2,1259,1306,1402,1405,DL,784,N924DL,123,119,103,-3,-7,ATL,ORD,606,7,13,0,,0,NA,NA,NA,NA,NA
2008,7,9,3,915,920,1018,1020,MQ,3309,N286AE,63,60,40,-2,-5,DFW,LAW,140,5,18,0,,0,NA,NA,NA,NA,NA
2008,5,6,2,1558,1600,1733,1746,B6,1257,N206JB,95,106,71,-13,-2,BOS,IAD,413,5,19,0,,0,NA,NA,NA,NA,NA
2008,10,2,4,650,650,815,815,YV,2821,N935LR,85,85,56,0,0,LGB,PHX,355,10,19,0,,0,NA,NA,NA,NA,NA
2008,4,26,6,707,715,929,936,9E,2024,91469E,82,81,55,-7,-8,MEM,ATL,332,7,20,0,,0,NA,NA,NA,NA,NA
2008,7,1,2,2146,2135,2246,2240,WN,3837,N656SW,60,65,49,6,11,PHX,SAN,304,2,9,0,,0,NA,NA,NA,NA,NA
2008,5,22,4,755,805,939,939,FL,685,N969AT,104,94,79,0,-10,SRQ,ATL,445,16,9,0,,0,NA,NA,NA,NA,NA
2008,3,22,6,602,604,659,700,OO,5998,N412SW,57,56,29,-1,-2,PIA,ORD,130,7,21,0,,0,NA,NA,NA,NA,NA
2008,9,4,4,739,745,933,948,US,1431,N182UW,294,303,271,-15,-6,CLT,LAX,2125,5,18,0,,0,NA,NA,NA,NA,NA
2008,1,31,4,1032,1031,1510,1445,DL,1053,N909DA,218,194,175,25,1,SLC,ORD,1249,7,36,0,,0,0,0,25,0,0
2008,6,29,7,1741,1532,1939,1731,NW,1176,N9339,118,119,93,128,129,MSP,BNA,695,5,20,0,,0,128,0,0,0,0
2008,2,1,5,1359,1400,1502,1505,WN,37,N508SW,63,65,50,-3,-1,AMA,DAL,324,4,9,0,,0,NA,NA,NA,NA,NA
2008,9,25,4,1551,1555,1708,1710,OO,2829,N403SW,77,75,57,-2,-4,MKE,MSP,297,9,11,0,,0,NA,NA,NA,NA,NA
2008,10,30,4,556,600,802,805,WN,223,N716SW,66,65,46,-3,-4,MDW,DTW,229,5,15,0,,0,NA,NA,NA,NA,NA
2008,10,2,4,1355,1355,1521,1516,DL,1078,N137DL,86,81,61,5,0,ATL,TPA,406,3,22,0,,0,NA,NA,NA,NA,NA
2008,2,5,2,706,705,941,943,UA,273,N417UA,335,338,300,-2,1,MCO,LAX,2217,19,16,0,,0,NA,NA,NA,NA,NA
2008,6,11,3,1139,1145,1427,1430,AA,2217,N077AA,168,165,139,-3,-6,SJU,MIA,1045,12,17,0,,0,NA,NA,NA,NA,NA
2008,4,16,3,2324,2335,514,515,B6,490,N655JB,230,220,198,-1,-11,DEN,BOS,1754,4,28,0,,0,NA,NA,NA,NA,NA
2008,5,4,7,852,900,1101,1106,AS,321,N977AS,129,126,111,-5,-8,SJC,SEA,697,3,15,0,,0,NA,NA,NA,NA,NA
2008,7,12,6,1459,1454,1613,1615,OO,6522,N925SW,74,81,57,-2,5,PHX,LAX,370,6,11,0,,0,NA,NA,NA,NA,NA
2008,7,1,2,1045,1050,1247,1245,OO,2712,N468CA,62,55,37,2,-5,MKE,FNT,211,5,20,0,,0,NA,NA,NA,NA,NA
2008,8,20,3,1050,1058,1144,1204,DL,1001,N937DL,54,66,39,-20,-8,ATL,SAV,215,4,11,0,,0,NA,NA,NA,NA,NA
2008,12,11,4,1759,1805,1852,1900,AA,1153,N4YBAA,113,115,92,-8,-6,DFW,COS,592,7,14,0,,0,NA,NA,NA,NA,NA
2008,2,22,5,NA,1850,NA,2112,XE,2874,,NA,142,NA,NA,NA,CHS,EWR,628,NA,NA,1,B,0,NA,NA,NA,NA,NA
2008,8,8,5,1204,1155,1502,1457,CO,438,N36207,178,182,164,5,9,EWR,MIA,1086,4,10,0,,0,NA,NA,NA,NA,NA
2008,7,16,3,1331,1342,1333,1351,OO,5861,N926SW,62,69,34,-18,-11,LAN,ORD,179,13,15,0,,0,NA,NA,NA,NA,NA
2008,1,7,1,620,630,738,745,MQ,4691,N705AE,78,75,65,-7,-10,JAX,RDU,408,2,11,0,,0,NA,NA,NA,NA,NA
2008,7,28,1,2018,2010,2124,2125,AA,403,N443AA,126,135,102,-1,8,ATL,DFW,732,8,16,0,,0,NA,NA,NA,NA,NA
2008,8,14,4,1317,1318,1510,1518,EV,4598,N851AS,113,120,96,-8,-1,ATL,ABE,692,2,15,0,,0,NA,NA,NA,NA,NA
2008,12,26,5,1527,1511,1638,1633,YV,7050,N456YV,71,82,52,5,16,DEN,CPR,230,4,15,0,,0,NA,NA,NA,NA,NA
2008,12,17,3,2020,2002,2147,2125,DL,1528,N3762Y,87,83,58,22,18,ATL,RDU,356,4,25,0,,0,12,0,4,0,6
2008,12,22,1,636,615,656,640,MQ,4087,N856MQ,80,85,57,16,21,SDF,ORD,286,6,17,0,,0,16,0,0,0,0
2008,3,10,1,1807,1745,1902,1850,AA,719,N3CCAA,55,65,37,12,22,MIA,TPA,204,3,15,0,,0,NA,NA,NA,NA,NA
2008,2,4,1,1232,1235,1515,1515,9E,4754,86729E,163,160,140,0,-3,IND,RSW,946,4,19,0,,0,NA,NA,NA,NA,NA
2008,3,3,1,850,850,1112,1108,NW,267,N501US,262,258,233,4,0,DTW,PHX,1671,5,24,0,,0,NA,NA,NA,NA,NA
2008,3,24,1,2047,2042,2219,2212,OO,6489,N466SW,92,90,61,7,5,RNO,LAX,390,20,11,0,,0,NA,NA,NA,NA,NA
2008,1,25,5,1607,1612,1633,1638,UA,1129,N850UA,86,86,43,-5,-5,CVG,ORD,264,10,33,0,,0,NA,NA,NA,NA,NA
2008,12,12,5,1745,1729,1956,2002,UA,409,N536UA,251,273,225,-6,16,LGA,DEN,1619,7,19,0,,0,NA,NA,NA,NA,NA
2008,3,5,3,1646,1655,1704,1728,OO,5802,N903SW,78,93,61,-24,-9,LEX,ORD,323,7,10,0,,0,NA,NA,NA,NA,NA
2008,7,30,3,1647,1650,1836,1842,XE,2569,N12996,169,172,145,-6,-3,CLE,DFW,1021,14,10,0,,0,NA,NA,NA,NA,NA
2008,1,23,3,1047,1045,1336,1346,UA,398,N835UA,109,121,88,-10,2,ORD,BDL,783,4,17,0,,0,NA,NA,NA,NA,NA
2008,10,12,7,559,600,754,751,DL,852,N671DN,115,111,90,3,-1,FLL,ATL,581,13,12,0,,0,NA,NA,NA,NA,NA
2008,6,6,5,2037,1935,2350,2140,AA,1283,N5DPAA,253,185,186,130,62,MIA,ORD,1197,13,54,0,,0,0,0,97,0,33
2008,3,7,5,1329,1155,1455,1254,NW,283,N774NC,146,119,120,121,94,DTW,MEM,610,10,16,0,,0,94,0,27,0,0
2008,7,24,4,554,605,853,919,NW,1268,N347NW,119,134,102,-26,-11,BZN,MSP,874,3,14,0,,0,NA,NA,NA,NA,NA
2008,12,16,2,554,600,850,909,FL,449,N285AT,116,129,96,-19,-6,MKE,ATL,669,12,8,0,,0,NA,NA,NA,NA,NA
2008,12,6,6,653,700,1022,1030,US,1859,N738US,149,150,120,-8,-7,MSP,CLT,930,5,24,0,,0,NA,NA,NA,NA,NA
2008,11,28,5,1029,1035,1136,1145,MQ,3079,N807MQ,67,70,48,-9,-6,LAX,MRY,267,3,16,0,,0,NA,NA,NA,NA,NA
2008,10,7,2,2141,2120,2248,2220,WN,679,N445WN,67,60,41,28,21,ONT,LAS,197,4,22,0,,0,0,0,7,0,21
2008,12,17,3,1225,1225,1326,1324,YV,7198,N510MJ,61,59,38,2,0,IAD,ORF,157,2,21,0,,0,NA,NA,NA,NA,NA
2008,11,4,2,1605,1610,1835,1846,OH,6349,N917CA,150,156,125,-11,-5,BOS,CVG,752,1,24,0,,0,NA,NA,NA,NA,NA
2008,3,26,3,1648,1640,1849,1900,MQ,3860,N831AE,121,140,105,-11,8,VPS,DFW,626,8,8,0,,0,NA,NA,NA,NA,NA
2008,1,25,5,824,825,1027,1037,OO,5734,N221SW,63,72,49,-10,-1,LAX,YUM,237,3,11,0,,0,NA,NA,NA,NA,NA
2008,7,14,1,1427,1430,1700,1712,AS,485,N773AS,153,162,138,-12,-3,SAN,SEA,1050,5,10,0,,0,NA,NA,NA,NA,NA
2008,3,25,2,721,700,924,855,WN,2094,N405WN,243,235,229,29,21,MDW,LAS,1521,5,9,0,,0,2,0,8,0,19
2008,9,14,7,950,959,1234,1249,DL,1222,N907DA,104,110,88,-15,-9,SNA,SLC,588,6,10,0,,0,NA,NA,NA,NA,NA
2008,2,17,7,1943,1700,2054,1822,XE,2925,N17159,71,82,52,152,163,SDF,CLE,304,8,11,0,,0,152,0,0,0,0
2008,10,24,5,600,605,820,810,AA,1107,N3AEAA,200,185,182,10,-5,DCA,DFW,1192,6,12,0,,0,NA,NA,NA,NA,NA
2008,7,16,3,1444,1445,1747,1800,MQ,4436,N820AE,123,135,110,-13,-1,ORD,HPN,738,3,10,0,,0,NA,NA,NA,NA,NA
2008,5,3,6,1819,1820,2104,2055,AA,397,N3BEAA,345,335,319,9,-1,MIA,LAX,2342,5,21,0,,0,NA,NA,NA,NA,NA
2008,1,4,5,1103,1103,1228,1210,US,280,N156AW,145,127,115,18,0,PHX,SJC,621,7,23,0,,0,0,0,18,0,0
2008,5,15,4,1838,1843,109,137,US,239,N665AW,211,234,196,-28,-5,PHX,DTW,1671,5,10,0,,0,NA,NA,NA,NA,NA
2008,1,27,7,2144,1935,2251,2030,WN,114,N490WN,187,175,160,141,129,SAT,LAS,1069,12,15,0,,0,0,129,12,0,0
2008,6,21,6,705,700,832,826,NW,512,N327NW,87,86,56,6,5,MCI,MSP,393,11,20,0,,0,NA,NA,NA,NA,NA
2008,1,11,5,837,845,1041,1047,FL,255,N276AT,124,122,108,-6,-8,FNT,ATL,644,8,8,0,,0,NA,NA,NA,NA,NA
2008,1,27,7,1758,1705,2346,2318,DL,490,N6714Q,228,253,209,28,53,SLC,PHL,1926,6,13,0,,0,21,0,0,0,7
2008,2,7,4,1328,1325,1413,1420,MQ,3641,N657AE,45,55,29,-7,3,DFW,GRK,134,3,13,0,,0,NA,NA,NA,NA,NA
2008,3,20,4,1334,1335,1839,1855,WN,221,N497WN,185,200,170,-16,-1,ABQ,TPA,1497,4,11,0,,0,NA,NA,NA,NA,NA
2008,12,26,5,559,600,1002,930,AA,2103,N3AGAA,183,150,146,32,-1,DFW,MIA,1121,24,13,0,,0,0,0,32,0,0
2008,11,10,1,1218,1220,1407,1425,AS,344,N793AS,109,125,91,-18,-2,SEA,OAK,671,5,13,0,,0,NA,NA,NA,NA,NA
2008,2,27,3,1841,1844,2005,2005,OO,6074,N982SW,144,141,115,0,-3,MLI,DEN,751,17,12,0,,0,NA,NA,NA,NA,NA
2008,5,28,3,903,905,1014,1045,MQ,3188,N806AE,71,100,60,-31,-2,SNA,SFO,372,3,8,0,,0,NA,NA,NA,NA,NA
2008,5,16,5,1000,955,1312,1325,WN,7,N709SW,132,150,117,-13,5,HOU,FLL,957,4,11,0,,0,NA,NA,NA,NA,NA
2008,11,5,3,1920,1925,2154,2215,WN,1074,N234WN,214,230,199,-21,-5,MDW,PHX,1444,4,11,0,,0,NA,NA,NA,NA,NA
2008,7,6,7,1102,1100,1205,1205,WN,3846,N631SW,63,65,53,0,2,BUF,BWI,281,3,7,0,,0,NA,NA,NA,NA,NA
2008,11,13,4,1151,1155,1248,1255,MQ,4212,N688MQ,57,60,33,-7,-4,ORD,CID,196,4,20,0,,0,NA,NA,NA,NA,NA
2008,3,21,5,650,645,1018,1025,WN,161,N404WN,148,160,132,-7,5,MCI,MCO,1072,7,9,0,,0,NA,NA,NA,NA,NA
2008,12,14,7,1856,1900,2141,2132,DL,1481,N3758Y,345,332,326,9,-4,TPA,LAX,2158,5,14,0,,0,NA,NA,NA,NA,NA
2008,6,8,7,924,915,1019,1010,MQ,3191,N807AE,55,55,28,9,9,LAX,SAN,109,3,24,0,,0,NA,NA,NA,NA,NA
2008,1,25,5,NA,1010,NA,1125,AA,471,,NA,75,NA,NA,NA,DFW,ICT,328,NA,NA,1,B,0,NA,NA,NA,NA,NA
2008,4,25,5,1539,1540,1636,1637,CO,341,N14341,57,57,34,-1,-1,IAH,AUS,140,8,15,0,,0,NA,NA,NA,NA,NA
2008,3,19,3,2149,2130,34,11,DL,685,N6708D,345,341,302,23,19,ATL,SEA,2182,18,25,0,,0,0,17,4,0,2
2008,11,20,4,1105,1110,1227,1225,B6,40,N520JB,82,75,58,2,-5,JFK,SYR,209,7,17,0,,0,NA,NA,NA,NA,NA
2008,12,27,6,610,610,805,808,UA,1523,N460UA,175,178,158,-3,0,MCO,ORD,1005,6,11,0,,0,NA,NA,NA,NA,NA
2008,4,6,7,1124,1110,1216,1205,WN,1477,N470WN,52,55,39,11,14,SEA,GEG,224,3,10,0,,0,NA,NA,NA,NA,NA
2008,1,22,2,1205,1205,1420,1429,OH,5441,N797CA,75,84,56,-9,0,STL,CVG,307,2,17,0,,0,NA,NA,NA,NA,NA
2008,3,7,5,1154,1156,1249,1309,9E,5868,88399E,115,133,96,-20,-2,DTW,OMA,651,3,16,0,,0,NA,NA,NA,NA,NA
2008,5,13,2,1452,1500,1800,1803,DL,888,N978DL,188,183,162,-3,-8,MCO,BOS,1121,13,13,0,,0,NA,NA,NA,NA,NA
2008,8,3,7,1214,1217,1207,1220,EV,4694,N903EV,53,63,39,-13,-3,ATL,BNA,214,5,9,0,,0,NA,NA,NA,NA,NA
2008,4,6,7,2220,2210,2337,2,YV,2696,N926LR,77,112,50,-25,10,CLT,EWR,529,7,20,0,,0,NA,NA,NA,NA,NA
2008,9,3,3,1334,1340,1440,1503,US,1749,N529AU,66,83,50,-23,-6,PHL,RDU,336,4,12,0,,0,NA,NA,NA,NA,NA
2008,5,15,4,927,927,1057,1043,NW,693,N761NC,90,76,60,14,0,MEM,MSY,349,8,22,0,,0,NA,NA,NA,NA,NA
2008,10,4,6,1618,1615,1709,1715,AA,1990,N617AA,51,60,35,-6,3,MIA,MCO,193,3,13,0,,0,NA,NA,NA,NA,NA
2008,10,15,3,1843,1840,2005,2010,WN,1364,N458WN,142,150,129,-5,3,ABQ,OAK,889,6,7,0,,0,NA,NA,NA,NA,NA
2008,7,15,2,1615,1610,1747,1750,MQ,4259,N672AE,92,100,78,-3,5,ORD,MEM,491,3,11,0,,0,NA,NA,NA,NA,NA
2008,8,20,3,732,730,904,900,XE,7691,N17196,92,90,64,4,2,DEN,SLC,391,6,22,0,,0,NA,NA,NA,NA,NA
2008,10,11,6,1156,1152,1241,1238,OO,5530,N270YV,45,46,29,3,4,PSP,LAX,110,5,11,0,,0,NA,NA,NA,NA,NA
2008,4,10,4,1927,1855,2040,2010,WN,2628,N615SW,73,75,60,30,32,PVD,BWI,328,4,9,0,,0,7,0,0,0,23
2008,4,19,6,1614,1600,1731,1728,XE,7776,N13908,77,88,63,3,14,SMF,LAX,373,4,10,0,,0,NA,NA,NA,NA,NA
2008,7,18,5,821,825,1112,1120,WN,2051,N625SW,111,115,96,-8,-4,ABQ,MCI,718,7,8,0,,0,NA,NA,NA,NA,NA
2008,3,28,5,609,610,1200,1200,WN,61,N628SW,231,230,207,0,-1,LAX,MDW,1750,4,20,0,,0,NA,NA,NA,NA,NA
2008,4,26,6,607,615,806,757,US,122,N813AW,119,102,77,9,-8,RNO,PHX,601,4,38,0,,0,NA,NA,NA,NA,NA
2008,5,7,3,2034,2045,2210,2224,B6,36,N553JB,96,99,54,-14,-11,JFK,ROC,264,5,37,0,,0,NA,NA,NA,NA,NA
2008,7,13,7,2234,2230,2340,2344,US,1002,N123UW,66,74,48,-4,4,CLT,JAX,329,5,13,0,,0,NA,NA,NA,NA,NA
2008,5,26,1,1325,1330,1359,1407,HA,164,N476HA,34,37,22,-8,-5,HNL,OGG,100,5,7,0,,0,NA,NA,NA,NA,NA
2008,4,28,1,1726,1715,1943,1934,XE,2262,N13913,137,139,106,9,11,OMA,IAH,781,17,14,0,,0,NA,NA,NA,NA,NA
2008,6,19,4,1647,1650,1925,1926,OO,6009,N953SW,98,96,64,-1,-3,ORD,TYS,475,17,17,0,,0,NA,NA,NA,NA,NA
2008,5,3,6,1003,956,1200,1159,US,365,N802AW,117,123,97,1,7,PHX,SMF,647,4,16,0,,0,NA,NA,NA,NA,NA
2008,1,28,1,1407,1405,1553,1600,AA,2223,N251AA,166,175,136,-7,2,LGA,STL,887,5,25,0,,0,NA,NA,NA,NA,NA
2008,4,3,4,1842,1842,1918,1905,OO,6476,N727SK,96,83,68,13,0,CVG,ORD,264,9,19,0,,0,NA,NA,NA,NA,NA
2008,12,31,3,805,815,916,935,MQ,3442,N517MQ,71,80,51,-19,-10,XNA,DFW,281,11,9,0,,0,NA,NA,NA,NA,NA
2008,4,4,5,843,825,1130,1118,DL,1579,N140LL,347,353,329,12,18,LAX,HNL,2556,6,12,0,,0,NA,NA,NA,NA,NA
2008,6,27,5,608,610,844,853,UA,662,N935UA,156,163,135,-9,-2,LAX,SEA,954,5,16,0,,0,NA,NA,NA,NA,NA
2008,11,20,4,1315,1318,1612,1625,NW,243,N313US,177,187,156,-13,-3,FLL,DTW,1127,8,13,0,,0,NA,NA,NA,NA,NA
2008,4,8,2,1222,1230,1426,1410,AA,1174,N530AA,124,100,80,16,-8,DFW,HSV,603,8,36,0,,0,0,0,16,0,0
2008,2,25,1,2050,2050,2120,2132,YV,2716,N904FJ,90,102,76,-12,0,PHX,FAT,493,5,9,0,,0,NA,NA,NA,NA,NA
2008,4,8,2,1451,1455,1624,1629,DL,670,N682DA,93,94,65,-5,-4,TPA,ATL,406,15,13,0,,0,NA,NA,NA,NA,NA
2008,9,2,2,2112,2050,24,5,AA,1366,N404AA,132,135,115,19,22,DFW,JAX,919,6,11,0,,0,19,0,0,0,0
2008,5,4,7,1445,1425,1543,1528,XE,2460,N16944,58,63,42,15,20,LFT,IAH,201,8,8,0,,0,0,0,0,0,15
2008,11,3,1,1052,1100,1211,1225,OO,4366,N461SW,79,85,48,-14,-8,SLC,CPR,320,4,27,0,,0,NA,NA,NA,NA,NA
2008,2,18,1,945,800,1106,915,WN,1355,N726SW,81,75,64,111,105,OAK,LAX,337,7,10,0,,0,105,0,6,0,0
2008,10,12,7,1345,1338,1710,1712,FL,677,N313AT,145,154,132,-2,7,MKE,MCO,1066,5,8,0,,0,NA,NA,NA,NA,NA
2008,7,12,6,1439,1440,1728,1730,WN,2313,N367SW,169,170,156,-2,-1,TPA,BDL,1111,4,9,0,,0,NA,NA,NA,NA,NA
2008,2,28,4,1421,1420,1523,1525,WN,2883,N245WN,62,65,51,-2,1,OAK,BUR,325,3,8,0,,0,NA,NA,NA,NA,NA
2008,8,20,3,1257,1300,1539,1553,B6,625,N236JB,222,233,195,-14,-3,JFK,HOU,1428,4,23,0,,0,NA,NA,NA,NA,NA
2008,7,4,5,1551,1540,1829,1815,UA,362,N937UA,98,95,75,14,11,DEN,MCI,533,7,16,0,,0,NA,NA,NA,NA,NA
2008,2,9,6,1337,1341,1350,1402,DL,775,N910DE,73,81,52,-12,-4,ATL,PNS,272,5,16,0,,0,NA,NA,NA,NA,NA
2008,5,21,3,1947,1945,2106,2105,WN,2165,N743SW,79,80,63,1,2,MCI,MDW,405,4,12,0,,0,NA,NA,NA,NA,NA
2008,6,20,5,1253,1245,1305,1255,WN,14,N508SW,132,130,117,10,8,LBB,LAS,775,7,8,0,,0,NA,NA,NA,NA,NA
2008,2,2,6,1833,1755,2123,2050,UA,146,N910UA,110,115,87,33,38,ORD,RDU,647,3,20,0,,0,0,6,0,0,27
2008,9,15,1,1235,1235,1405,1410,AA,562,N4XTAA,90,95,73,-5,0,DFW,STL,551,4,13,0,,0,NA,NA,NA,NA,NA
2008,5,31,6,810,815,948,949,OO,6607,N976SW,158,154,139,-1,-5,MEM,DEN,872,9,10,0,,0,NA,NA,NA,NA,NA
2008,8,9,6,1009,1009,1150,1157,YV,2711,N933LR,101,108,76,-7,0,PHX,FAT,493,10,15,0,,0,NA,NA,NA,NA,NA
2008,2,13,3,1912,1914,1953,2000,OO,6544,N706SK,41,46,28,-7,-2,ASE,DEN,125,5,8,0,,0,NA,NA,NA,NA,NA
2008,8,12,2,927,905,1147,1145,WN,987,N645SW,140,160,114,2,22,PHL,MCO,861,4,22,0,,0,NA,NA,NA,NA,NA
2008,6,25,3,1326,1334,1442,1443,US,4,N813AW,76,69,44,-1,-8,PHX,LAS,256,12,20,0,,0,NA,NA,NA,NA,NA
2008,10,17,5,1927,1915,2141,2135,WN,1768,N603SW,74,80,65,6,12,BHM,TPA,460,3,6,0,,0,NA,NA,NA,NA,NA
2008,2,26,2,2205,2205,2257,2310,AA,533,N4YGAA,172,185,155,-13,0,DFW,SAN,1171,3,14,0,,0,NA,NA,NA,NA,NA
2008,2,20,3,1527,1530,1648,1650,MQ,3608,N518AE,81,80,59,-2,-3,SGF,DFW,364,11,11,0,,0,NA,NA,NA,NA,NA
2008,11,23,7,1326,1336,1409,1424,F9,826,N908FR,103,108,88,-15,-10,MCI,DEN,533,8,7,0,,0,NA,NA,NA,NA,NA
2008,3,19,3,1646,1646,1815,1805,YV,2734,N930LR,89,79,56,10,0,PHX,LGB,355,8,25,0,,0,NA,NA,NA,NA,NA
2008,11,19,3,1111,935,1123,946,EV,5120,N837AS,72,71,42,97,96,ATL,PFN,247,3,27,0,,0,96,0,1,0,0
2008,4,15,2,1022,1005,1120,1110,WN,29,N245WN,58,65,44,10,17,MDW,STL,251,3,11,0,,0,NA,NA,NA,NA,NA
2008,10,22,3,907,910,1021,1025,WN,1699,N653SW,74,75,60,-4,-3,STL,TUL,351,3,11,0,,0,NA,NA,NA,NA,NA
2008,2,1,5,NA,705,NA,755,MQ,4158,,NA,110,NA,NA,NA,TYS,ORD,475,NA,NA,1,B,0,NA,NA,NA,NA,NA
2008,11,18,2,1202,1212,1240,1247,OO,5741,N226SW,38,35,19,-7,-10,MOD,SFO,78,4,15,0,,0,NA,NA,NA,NA,NA
2008,6,23,1,1506,1510,1610,1608,OO,3563,N216SW,64,58,45,2,-4,TWF,SLC,175,5,14,0,,0,NA,NA,NA,NA,NA
2008,8,18,1,816,820,1107,1115,WN,817,N622SW,111,115,95,-8,-4,SEA,SLC,689,3,13,0,,0,NA,NA,NA,NA,NA
2008,4,12,6,2029,2035,2136,2150,WN,2761,N461WN,67,75,58,-14,-6,SMF,ONT,389,3,6,0,,0,NA,NA,NA,NA,NA
2008,6,21,6,612,615,646,652,HA,113,N487HA,34,37,21,-6,-3,HNL,LIH,102,4,9,0,,0,NA,NA,NA,NA,NA
2008,6,2,1,1027,1030,1202,1210,OO,6625,N405SW,95,100,79,-8,-3,BZN,DEN,525,5,11,0,,0,NA,NA,NA,NA,NA
2008,4,8,2,600,600,902,857,AS,753,N565AS,182,177,158,5,0,PHX,SEA,1107,8,16,0,,0,NA,NA,NA,NA,NA
2008,8,7,4,626,630,924,930,AS,493,N794AS,178,180,137,-6,-4,SAN,SEA,1050,5,36,0,,0,NA,NA,NA,NA,NA
2008,9,17,3,1255,1305,1543,1600,XE,2782,N18982,108,115,91,-17,-10,ELP,IAH,667,9,8,0,,0,NA,NA,NA,NA,NA
2008,11,18,2,1921,1915,2044,2050,AA,1875,N4WUAA,143,155,125,-6,6,DFW,PHX,868,3,15,0,,0,NA,NA,NA,NA,NA
2008,4,5,6,2345,2351,205,205,YV,2945,N17275,140,134,117,0,-6,LAS,EUG,699,8,15,0,,0,NA,NA,NA,NA,NA
2008,1,17,4,2113,2050,2232,2220,WN,718,N782SA,79,90,66,12,23,SAN,SFO,447,4,9,0,,0,NA,NA,NA,NA,NA
2008,9,3,3,1412,1415,1543,1603,DL,995,N621DL,91,108,76,-20,-3,ATL,MIA,595,3,12,0,,0,NA,NA,NA,NA,NA
2008,4,14,1,1350,1357,1705,1721,UA,452,N906UA,135,144,119,-16,-7,OAK,DEN,957,5,11,0,,0,NA,NA,NA,NA,NA
2008,5,24,6,642,637,753,740,MQ,3256,N273AE,71,63,44,13,5,GGG,DFW,140,13,14,0,,0,NA,NA,NA,NA,NA
2008,9,16,2,924,920,1040,1045,WN,1417,N332SW,76,85,62,-5,4,MDW,MCI,405,4,10,0,,0,NA,NA,NA,NA,NA
2008,9,6,6,946,944,1109,1115,OO,6525,N953SW,83,91,58,-6,2,OAK,LAX,337,16,9,0,,0,NA,NA,NA,NA,NA
2008,2,25,1,911,915,1124,1105,MQ,4507,N665BC,133,110,106,19,-4,HSV,ORD,510,6,21,0,,0,0,0,19,0,0
2008,2,23,6,1124,1130,1342,1338,NW,452,N8986E,138,128,104,4,-6,MSP,MEM,700,16,18,0,,0,NA,NA,NA,NA,NA
2008,12,21,7,1059,1050,1238,1200,OO,2772,N407SW,99,70,52,38,9,MSP,MKE,297,7,40,0,,0,9,0,29,0,0
2008,11,25,2,2048,2050,2131,2140,WN,53,N511SW,43,50,34,-9,-2,HOU,CRP,187,3,6,0,,0,NA,NA,NA,NA,NA
2008,4,16,3,1558,1600,1843,1902,DL,149,N386DA,165,182,128,-19,-2,JFK,TPA,1005,2,35,0,,0,NA,NA,NA,NA,NA
2008,11,6,4,2108,1913,2327,2111,NW,650,N755NW,139,118,92,136,115,DTW,EWR,487,8,39,0,,0,0,115,21,0,0
2008,7,7,1,1041,1040,1625,1625,WN,470,N262WN,224,225,208,0,1,RNO,MDW,1680,7,9,0,,0,NA,NA,NA,NA,NA
2008,6,7,6,1935,1918,1937,1934,DL,1889,N924DL,62,76,45,3,17,ATL,MOB,302,4,13,0,,0,NA,NA,NA,NA,NA
2008,5,8,4,1541,1532,1702,1700,AS,725,N784AS,81,88,69,2,9,PSP,SFO,421,4,8,0,,0,NA,NA,NA,NA,NA
2008,6,22,7,1625,1630,1743,1749,9E,5636,85779E,78,79,50,-6,-5,OMA,MSP,282,14,14,0,,0,NA,NA,NA,NA,NA
2008,6,27,5,709,715,935,956,DL,670,N699DL,146,161,126,-21,-6,MCO,JFK,944,9,11,0,,0,NA,NA,NA,NA,NA
2008,3,14,5,1424,1425,2006,2025,WN,526,N456WN,222,240,206,-19,-1,OAK,MDW,1844,8,8,0,,0,NA,NA,NA,NA,NA
2008,8,13,3,1116,1115,1327,1328,US,1679,N106US,131,133,111,-1,1,BOS,CLT,728,4,16,0,,0,NA,NA,NA,NA,NA
2008,9,4,4,1202,1209,1640,1636,US,510,N156AW,158,147,125,4,-7,PHX,OMA,1037,7,26,0,,0,NA,NA,NA,NA,NA
2008,2,15,5,726,725,828,825,WN,193,N780SW,62,60,48,3,1,LAX,LAS,236,6,8,0,,0,NA,NA,NA,NA,NA
2008,9,12,5,859,900,1018,1025,WN,734,N695SW,79,85,60,-7,-1,OAK,LAX,337,10,9,0,,0,NA,NA,NA,NA,NA
2008,5,17,6,1520,1525,1654,1650,XE,2157,N14977,154,145,130,4,-5,JAX,IAH,817,13,11,0,,0,NA,NA,NA,NA,NA
2008,6,13,5,1325,1300,1448,1420,US,775,N944UW,83,80,55,28,25,CLT,DCA,331,4,24,0,,0,0,0,28,0,0
2008,12,28,7,925,925,933,950,WN,2869,N268WN,68,85,57,-17,0,SLC,LAS,368,2,9,0,,0,NA,NA,NA,NA,NA
2008,3,3,1,1950,1950,2057,2050,9E,5702,87909E,67,60,51,7,0,MEM,HSV,184,9,7,0,,0,NA,NA,NA,NA,NA
2008,8,17,7,626,630,1453,1451,US,716,N162UW,327,321,314,2,-4,LAX,PHL,2401,3,10,0,,0,NA,NA,NA,NA,NA
2008,5,24,6,1445,1450,1702,1709,AS,583,N619AS,137,139,118,-7,-5,SNA,PDX,859,6,13,0,,0,NA,NA,NA,NA,NA
2008,10,3,5,1658,1655,2248,2240,WN,1018,N757LV,230,225,213,8,3,LAX,MDW,1750,5,12,0,,0,NA,NA,NA,NA,NA
2008,4,3,4,1828,1820,2106,2057,FL,587,N937AT,158,157,145,9,8,ROC,MCO,1033,6,7,0,,0,NA,NA,NA,NA,NA
2008,3,14,5,2031,2030,2154,2152,CO,607,N34282,143,142,121,2,1,TPA,IAH,787,9,13,0,,0,NA,NA,NA,NA,NA
2008,4,18,5,1221,1150,1415,1350,MQ,3577,N633AE,114,120,92,25,31,DFW,CID,685,3,19,0,,0,0,0,0,0,25
2008,7,19,6,1118,1125,1307,1320,MQ,4564,N716AE,109,115,92,-13,-7,RDU,BOS,612,3,14,0,,0,NA,NA,NA,NA,NA
2008,2,27,3,902,900,1202,1148,CO,1767,N73259,300,288,277,14,2,IAH,SEA,1874,5,18,0,,0,NA,NA,NA,NA,NA
2008,6,21,6,1357,1405,1505,1524,XE,2852,N21154,68,79,38,-19,-8,SYR,EWR,194,4,26,0,,0,NA,NA,NA,NA,NA
2008,5,29,4,1221,1225,1448,1448,DL,1092,N905DA,87,83,65,0,-4,MSY,ATL,425,13,9,0,,0,NA,NA,NA,NA,NA
2008,12,22,1,742,730,1008,950,CO,1436,N33294,266,260,234,18,12,IAH,SFO,1635,6,26,0,,0,12,0,6,0,0
2008,9,29,1,905,906,1127,1140,UA,45,N675UA,322,334,308,-13,-1,LAX,OGG,2486,4,10,0,,0,NA,NA,NA,NA,NA
2008,4,12,6,1700,1705,1847,1845,MQ,3768,N669MB,167,160,149,2,-5,GSP,DFW,862,10,8,0,,0,NA,NA,NA,NA,NA
2008,10,4,6,2124,1910,9,2208,B6,1118,N228JB,165,178,140,121,134,FLL,SYR,1197,5,20,0,,0,0,0,0,0,121
2008,1,30,3,1138,1120,1418,1359,EV,4438,N871AS,100,99,68,19,18,LFT,ATL,503,18,14,0,,0,3,0,1,0,15
2008,1,31,4,2013,1925,2228,2145,9E,5747,89869E,75,80,47,43,48,MEM,TYS,342,3,25,0,,0,0,0,0,0,43
2008,12,12,5,1818,1650,2212,2050,WN,2785,N736SA,354,360,341,82,88,PVD,PHX,2277,3,10,0,,0,0,0,0,0,82
2008,3,26,3,1930,1910,2347,2340,NW,568,N377NW,197,210,178,7,20,MSP,MIA,1501,4,15,0,,0,NA,NA,NA,NA,NA
2008,11,4,2,2045,2050,2250,2320,AA,2357,N540AA,125,150,110,-30,-5,ORD,DFW,802,7,8,0,,0,NA,NA,NA,NA,NA
2008,10,10,5,1500,1500,1623,1634,OH,6610,N597SW,83,94,61,-11,0,CVG,IAD,388,5,17,0,,0,NA,NA,NA,NA,NA
2008,1,17,4,619,620,1229,1220,AA,1722,N567AA,250,240,214,9,-1,SAN,ORD,1723,6,30,0,,0,NA,NA,NA,NA,NA
2008,11,21,5,756,800,1457,1505,US,786,N186US,241,245,215,-8,-4,LAS,CLT,1916,3,23,0,,0,NA,NA,NA,NA,NA
2008,11,2,7,1644,1515,2013,1858,NW,518,N350NA,149,163,127,75,89,MSP,LGA,1020,8,14,0,,0,75,0,0,0,0
2008,7,17,4,1025,1029,1245,1250,EV,4528,N355CA,80,81,61,-5,-4,GPT,ATL,352,10,9,0,,0,NA,NA,NA,NA,NA
2008,2,27,3,1857,1810,2207,2200,US,688,N650AW,310,350,272,7,47,EWR,PHX,2133,4,34,0,,0,NA,NA,NA,NA,NA
2008,9,7,7,1341,1342,1520,1531,NW,1448,N600TR,99,109,79,-11,-1,DTW,ORF,529,4,16,0,,0,NA,NA,NA,NA,NA
2008,7,20,7,NA,2159,NA,1,OH,5703,,NA,122,NA,NA,NA,LGA,CHS,641,NA,NA,1,B,0,NA,NA,NA,NA,NA
2008,9,26,5,1820,1825,1921,1924,MQ,3301,N273AE,61,59,38,-3,-5,DFW,ABI,158,4,19,0,,0,NA,NA,NA,NA,NA
2008,8,9,6,1046,1050,1247,1258,FL,995,N921AT,121,128,106,-11,-4,PIT,MCO,834,6,9,0,,0,NA,NA,NA,NA,NA
2008,8,22,5,1308,1310,1545,1546,DL,1195,N390DA,97,96,79,-1,-2,SMF,SLC,532,5,13,0,,0,NA,NA,NA,NA,NA
2008,9,18,4,1826,1814,2214,2144,UA,95,N434UA,408,390,315,30,12,EWR,SFO,2565,7,86,0,,0,0,0,30,0,0
2008,10,5,7,1807,1815,1917,1920,MQ,3533,N661MQ,70,65,49,-3,-8,DFW,LBB,282,4,17,0,,0,NA,NA,NA,NA,NA
2008,2,6,3,1750,1750,1921,1925,MQ,3449,N689EC,91,95,68,-4,0,DFW,MOB,540,4,19,0,,0,NA,NA,NA,NA,NA
2008,9,19,5,1329,1335,1610,1627,B6,509,N712JB,161,172,144,-17,-6,EWR,FLL,1065,3,14,0,,0,NA,NA,NA,NA,NA
2008,2,22,5,1628,1510,1723,1615,WN,2959,N458WN,55,65,46,68,78,OAK,BUR,325,2,7,0,,0,0,0,0,0,68
2008,12,2,2,757,800,1012,1004,US,280,N322AW,195,184,148,8,-3,IAH,PHX,1009,29,18,0,,0,NA,NA,NA,NA,NA
2008,10,23,4,1323,1325,1429,1440,9E,2010,91629E,66,75,43,-11,-2,ATL,LEX,303,5,18,0,,0,NA,NA,NA,NA,NA
2008,2,1,5,NA,940,NA,1140,9E,4789,,NA,120,NA,NA,NA,DCA,IND,499,NA,NA,1,A,0,NA,NA,NA,NA,NA
2008,9,22,1,2142,2149,2215,2226,HA,323,N480HA,33,37,20,-11,-7,HNL,LIH,102,5,8,0,,0,NA,NA,NA,NA,NA
2008,12,30,2,1727,1720,1813,1815,WN,3263,N237WN,46,55,38,-2,7,AUS,DAL,189,3,5,0,,0,NA,NA,NA,NA,NA
2008,10,12,7,1901,1855,3,2351,F9,426,N802FR,182,176,160,12,6,DEN,ATL,1199,8,14,0,,0,NA,NA,NA,NA,NA
2008,11,6,4,615,618,725,728,9E,2565,89189E,70,70,33,-3,-3,DAY,DTW,166,15,22,0,,0,NA,NA,NA,NA,NA
2008,4,21,1,1727,1730,1954,2002,DL,668,N940DL,87,92,63,-8,-3,MSY,ATL,425,13,11,0,,0,NA,NA,NA,NA,NA
2008,4,20,7,1821,1825,2023,2045,AA,2368,N484AA,122,140,108,-22,-4,DFW,ORD,802,6,8,0,,0,NA,NA,NA,NA,NA
2008,9,22,1,640,645,749,800,XE,2927,N29917,69,75,55,-11,-5,DCA,CLE,310,5,9,0,,0,NA,NA,NA,NA,NA
2008,6,23,1,1343,1345,1743,1755,WN,1134,N441WN,120,130,106,-12,-2,PHX,SAT,843,5,9,0,,0,NA,NA,NA,NA,NA
2008,8,17,7,1145,1145,1319,1305,YV,2724,N907FJ,94,80,49,14,0,LAS,SBA,288,3,42,0,,0,NA,NA,NA,NA,NA
2008,5,3,6,1240,1115,1349,1229,NW,115,N513US,189,194,172,80,85,MSP,PHX,1276,3,14,0,,0,80,0,0,0,0
2008,5,14,3,634,640,738,747,EV,4854,N976EV,64,67,48,-9,-6,FLO,ATL,273,6,10,0,,0,NA,NA,NA,NA,NA
2008,7,23,3,NA,2000,NA,2235,US,1479,,NA,95,NA,NA,NA,PHX,SLC,507,NA,NA,1,C,0,NA,NA,NA,NA,NA
2008,6,1,7,838,825,944,935,MQ,3190,N821AE,66,70,50,9,13,LAX,SJC,308,1,15,0,,0,NA,NA,NA,NA,NA
2008,4,24,4,1556,1555,1753,1759,OO,3999,N803SK,117,124,96,-6,1,ATL,BUF,712,5,16,0,,0,NA,NA,NA,NA,NA
2008,9,1,1,638,629,750,745,OO,5501,N220SW,72,76,62,5,9,BFL,SFO,238,2,8,0,,0,NA,NA,NA,NA,NA
2008,9,7,7,1127,1130,1856,1921,B6,178,N521JB,269,291,251,-25,-3,PHX,JFK,2153,8,10,0,,0,NA,NA,NA,NA,NA
2008,8,22,5,1113,1117,1155,1202,EV,4676,N684BR,102,105,81,-7,-4,ATL,SHV,552,4,17,0,,0,NA,NA,NA,NA,NA
2008,2,16,6,1058,1100,1332,1343,UA,610,N594UA,94,103,75,-11,-2,ORD,DCA,612,3,16,0,,0,NA,NA,NA,NA,NA
2008,4,13,7,1452,1459,1522,1521,OO,4137,N611SK,90,82,59,1,-7,SLC,LAS,368,5,26,0,,0,NA,NA,NA,NA,NA
2008,11,18,2,1622,1625,1950,1940,WN,1708,N340LV,148,135,117,10,-3,LAX,DEN,862,22,9,0,,0,NA,NA,NA,NA,NA
2008,6,1,7,908,910,1034,1035,WN,1161,N694SW,146,145,130,-1,-2,TPA,AUS,928,6,10,0,,0,NA,NA,NA,NA,NA
2008,2,24,7,1215,1214,1422,1429,OH,5011,N954CA,127,135,98,-7,1,SAV,LGA,722,11,18,0,,0,NA,NA,NA,NA,NA
2008,6,6,5,611,615,729,725,WN,2340,N690SW,78,70,59,4,-4,BDL,BWI,283,3,16,0,,0,NA,NA,NA,NA,NA
2008,5,20,2,1143,1145,1250,1250,NW,1047,N358NB,127,125,110,0,-2,MSP,BIL,748,5,12,0,,0,NA,NA,NA,NA,NA
2008,4,7,1,1636,1640,1746,1745,WN,230,N458WN,70,65,55,1,-4,BUF,BWI,281,4,11,0,,0,NA,NA,NA,NA,NA
2008,5,14,3,1551,1600,1727,1727,NW,945,N318NB,156,147,132,0,-9,MIA,MEM,860,6,18,0,,0,NA,NA,NA,NA,NA
2008,2,20,3,1652,1655,1913,1853,DL,465,N908DL,141,118,90,20,-3,DCA,ATL,547,9,42,0,,0,0,0,20,0,0
2008,1,9,3,2111,2120,518,530,B6,488,N635JB,307,310,292,-12,-9,LGB,BOS,2602,3,12,0,,0,NA,NA,NA,NA,NA
2008,8,19,2,1719,1640,1851,1815,AA,1007,N3ADAA,272,275,253,36,39,MIA,PHX,1972,6,13,0,,0,18,0,0,0,18
2008,3,28,5,916,920,1040,1055,WN,711,N914WN,84,95,71,-15,-4,LAS,SFO,414,4,9,0,,0,NA,NA,NA,NA,NA
2008,12,8,1,1430,1445,2023,2045,AA,1358,N589AA,233,240,208,-22,-15,SEA,ORD,1721,12,13,0,,0,NA,NA,NA,NA,NA
2008,9,11,4,1246,1248,1405,1410,DL,885,N672DL,79,82,60,-5,-2,ATL,TPA,406,5,14,0,,0,NA,NA,NA,NA,NA
2008,12,3,3,1541,1535,1649,1650,WN,1901,N364SW,68,75,55,-1,6,BWI,CMH,336,2,11,0,,0,NA,NA,NA,NA,NA
2008,1,16,3,927,930,1042,1050,WN,255,N301SW,75,80,63,-8,-3,ELP,PHX,347,7,5,0,,0,NA,NA,NA,NA,NA
2008,4,23,3,1118,1120,1200,1205,WN,1659,N216WR,42,45,33,-5,-2,AUS,HOU,148,2,7,0,,0,NA,NA,NA,NA,NA
2008,7,10,4,934,935,1130,1155,WN,2737,N526SW,116,140,104,-25,-1,TUS,OAK,747,4,8,0,,0,NA,NA,NA,NA,NA
2008,11,1,6,1531,1335,1802,1525,UA,39,N328UA,151,110,123,157,116,PDX,SFO,550,8,20,0,,0,0,0,157,0,0
2008,5,18,7,834,825,1125,1116,F9,120,N934FR,111,111,89,9,9,DEN,DFW,641,9,13,0,,0,NA,NA,NA,NA,NA
2008,6,13,5,1046,1050,1202,1205,MQ,3103,N807AE,76,75,45,-3,-4,LAX,LAS,236,8,23,0,,0,NA,NA,NA,NA,NA
2008,10,22,3,2105,2100,2233,2236,FL,869,N316AT,148,156,125,-3,5,ATL,MSP,906,5,18,0,,0,NA,NA,NA,NA,NA
2008,6,18,3,1733,1730,2052,2109,XE,2044,N13949,139,159,124,-17,3,IAH,CLT,913,5,10,0,,0,NA,NA,NA,NA,NA
2008,4,4,5,1036,1045,1205,1205,US,775,N750UW,89,80,57,0,-9,JAX,CLT,329,14,18,0,,0,NA,NA,NA,NA,NA
2008,5,22,4,1830,1830,1938,1941,XE,444,N16561,68,71,56,-3,0,MRY,SAN,376,3,9,0,,0,NA,NA,NA,NA,NA
2008,11,20,4,1812,1815,2012,2003,US,629,N801AW,300,288,275,9,-3,PIT,LAS,1910,7,18,0,,0,NA,NA,NA,NA,NA
2008,11,20,4,1958,2000,2108,2053,US,947,N711UW,70,53,26,15,-2,CLT,RDU,130,6,38,0,,0,0,0,15,0,0
2008,6,21,6,923,925,1038,1033,CO,1723,N17326,195,188,173,5,-2,IAH,ONT,1334,5,17,0,,0,NA,NA,NA,NA,NA
2008,5,2,5,1536,1515,1635,1605,WN,649,N301SW,59,50,38,30,21,DAL,AUS,189,4,17,0,,0,2,0,9,0,19
2008,12,25,4,1157,1205,1355,1420,XE,2543,N25134,118,135,94,-25,-8,SAV,EWR,708,9,15,0,,0,NA,NA,NA,NA,NA
2008,3,28,5,1258,1300,1431,1425,UA,808,N833UA,93,85,59,6,-2,LAX,SFO,337,7,27,0,,0,NA,NA,NA,NA,NA
2008,5,30,5,1934,1935,2107,2120,AA,1626,N529AA,93,105,81,-13,-1,DFW,BNA,631,5,7,0,,0,NA,NA,NA,NA,NA
2008,4,26,6,1336,1340,1652,1650,AA,625,N3AKAA,136,130,107,2,-4,BNA,MIA,806,19,10,0,,0,NA,NA,NA,NA,NA
2008,8,11,1,1505,1508,1625,1616,DL,1607,N973DL,80,68,37,9,-3,ATL,TLH,223,3,40,0,,0,NA,NA,NA,NA,NA
2008,9,11,4,1223,1230,1349,1409,OH,6657,N815CA,86,99,72,-20,-7,DCA,CVG,411,5,9,0,,0,NA,NA,NA,NA,NA
2008,11,8,6,749,750,1042,1050,AA,392,N455AA,113,120,100,-8,-1,ORD,LGA,733,3,10,0,,0,NA,NA,NA,NA,NA
2008,1,7,1,1913,1915,2047,2117,XE,2747,N13538,154,182,118,-30,-2,EWR,BNA,748,7,29,0,,0,NA,NA,NA,NA,NA
2008,9,3,3,1549,1559,1746,1808,FL,998,N947AT,117,129,102,-22,-10,PIT,MCO,834,4,11,0,,0,NA,NA,NA,NA,NA
2008,8,1,5,1519,1430,1723,1629,FL,787,N336AT,124,119,107,54,49,ATL,PHL,665,4,13,0,,0,0,0,5,0,49
2008,6,10,2,2303,2305,522,502,UA,158,N670UA,259,237,205,20,-2,SFO,ORD,1846,8,46,0,,0,0,0,20,0,0
2008,11,4,2,835,841,952,945,EV,5303,N935EV,77,64,40,7,-6,ATL,TLH,223,3,34,0,,0,NA,NA,NA,NA,NA
2008,6,26,4,2008,1720,18,2139,XE,2496,N12135,190,199,155,159,168,IAH,IAD,1190,16,19,0,,0,159,0,0,0,0
2008,1,29,2,2025,2025,2224,2235,WN,3836,N707SA,59,70,48,-11,0,SNA,PHX,338,6,5,0,,0,NA,NA,NA,NA,NA
2008,8,6,3,1650,1645,1832,1833,OH,5142,N937CA,102,108,90,-1,5,SAV,CVG,515,2,10,0,,0,NA,NA,NA,NA,NA
2008,8,6,3,2014,1900,16,2225,OO,6714,N907SW,182,145,125,111,74,DEN,MEM,872,4,53,0,,0,0,0,37,0,74
2008,7,31,4,946,945,1034,1036,HA,382,N478HA,48,51,34,-2,1,HNL,ITO,216,5,9,0,,0,NA,NA,NA,NA,NA
2008,5,2,5,755,800,1257,1300,CO,296,N18220,182,180,151,-3,-5,LAS,IAH,1222,10,21,0,,0,NA,NA,NA,NA,NA
2008,1,25,5,650,650,942,1002,EV,4866,N842AS,112,132,97,-20,0,GRK,ATL,803,9,6,0,,0,NA,NA,NA,NA,NA
2008,10,10,5,1301,1310,1734,1800,B6,1062,N294JB,213,230,194,-26,-9,AUS,JFK,1522,8,11,0,,0,NA,NA,NA,NA,NA
2008,2,27,3,2035,2040,2154,2205,MQ,3180,N853AE,79,85,64,-11,-5,SAN,SJC,417,9,6,0,,0,NA,NA,NA,NA,NA
2008,12,4,4,1141,1126,1203,1145,EV,5003,N379CA,82,79,58,18,15,ATL,JAN,341,2,22,0,,0,0,0,3,0,15
2008,2,26,2,2110,2025,2331,2219,YV,2626,N921FJ,141,114,80,72,45,CLT,JFK,541,11,50,0,,0,0,0,72,0,0
2008,7,16,3,1713,1640,1919,1858,EV,4714,N857AS,126,138,104,21,33,AVP,ATL,714,10,12,0,,0,21,0,0,0,0
2008,12,11,4,721,725,1041,1040,WN,2597,N247WN,200,195,188,1,-4,PVD,FLL,1188,4,8,0,,0,NA,NA,NA,NA,NA
2008,6,10,2,1759,1705,2147,1956,UA,622,N828UA,168,111,89,111,54,ORD,DCA,612,63,16,0,,0,0,0,76,0,35
2008,5,14,3,1907,1905,2035,2025,WN,1912,N366SW,88,80,62,10,2,OMA,MDW,423,17,9,0,,0,NA,NA,NA,NA,NA
2008,5,9,5,932,935,1053,1100,WN,2877,N619SW,81,85,71,-7,-3,MHT,BWI,377,2,8,0,,0,NA,NA,NA,NA,NA
2008,6,13,5,1955,2000,2227,2230,AA,1736,N5BRAA,152,150,141,-3,-5,SJU,MIA,1045,3,8,0,,0,NA,NA,NA,NA,NA
2008,10,29,3,1118,1106,1353,1347,EV,5374,N921EV,95,101,76,6,12,BMI,ATL,533,7,12,0,,0,NA,NA,NA,NA,NA
2008,7,12,6,1048,1050,1101,1115,WN,2695,N335SW,73,85,61,-14,-2,PIT,MDW,402,4,8,0,,0,NA,NA,NA,NA,NA
2008,11,22,6,1633,1525,1732,1630,WN,1446,N361SW,59,65,49,62,68,MDW,STL,251,3,7,0,,0,49,0,0,0,13
2008,2,13,3,2050,2025,2203,2135,MQ,3987,N639AE,73,70,51,28,25,ORD,RST,268,3,19,0,,0,25,0,3,0,0
2008,3,12,3,2208,2223,2307,2316,AS,146,N772AS,59,53,42,-9,-15,FAI,ANC,261,5,12,0,,0,NA,NA,NA,NA,NA
2008,5,25,7,1618,1624,1753,1814,FL,76,N987AT,95,110,81,-21,-6,ATL,FLL,581,5,9,0,,0,NA,NA,NA,NA,NA
2008,5,19,1,1712,1705,1728,1725,WN,1781,N632SW,76,80,58,3,7,SLC,LAS,368,4,14,0,,0,NA,NA,NA,NA,NA
2008,3,7,5,941,940,1050,1050,MQ,3586,N668HH,69,70,52,0,1,MAF,DFW,309,11,6,0,,0,NA,NA,NA,NA,NA
2008,2,13,3,919,920,1016,1015,MQ,3364,N939AE,57,55,44,1,-1,AUS,DAL,189,3,10,0,,0,NA,NA,NA,NA,NA
2008,5,27,2,556,605,700,659,XE,2245,N13990,64,54,42,1,-9,GRR,CLE,214,6,16,0,,0,NA,NA,NA,NA,NA
2008,5,3,6,1853,1845,2017,1955,OO,4113,N812SK,144,130,116,22,8,ATL,DFW,732,9,19,0,,0,8,0,14,0,0
2008,6,26,4,841,845,1014,1012,US,1021,N174US,93,87,69,2,-4,PIT,CLT,366,10,14,0,,0,NA,NA,NA,NA,NA
2008,4,18,5,1646,1646,1731,1725,OO,2797,N498CA,45,39,26,6,0,GRB,MKE,107,4,15,0,,0,NA,NA,NA,NA,NA
2008,4,12,6,1240,1242,1546,1529,EV,4268,N744EV,186,167,169,17,-2,PWM,ATL,1027,9,8,0,,0,0,0,17,0,0
2008,2,21,4,752,800,938,945,YV,2623,N903FJ,166,165,130,-7,-8,CLT,MCI,809,7,29,0,,0,NA,NA,NA,NA,NA
2008,12,17,3,1418,1357,1514,1502,OO,7765,N583SW,56,65,34,12,21,SLC,PIH,150,4,18,0,,0,NA,NA,NA,NA,NA
2008,9,17,3,718,725,733,754,EV,4819,N827AS,75,89,58,-21,-7,MCO,PNS,380,3,14,0,,0,NA,NA,NA,NA,NA
2008,9,22,1,1034,1035,1522,1503,F9,618,N926FR,168,148,125,19,-1,DEN,IND,977,7,36,0,,0,0,0,19,0,0
2008,11,12,3,1720,1720,1825,1835,WN,3833,N418WN,65,75,49,-10,0,SJC,LAX,308,6,10,0,,0,NA,NA,NA,NA,NA
2008,3,19,3,1441,1305,1849,1505,MQ,4898,N739AE,248,120,125,224,96,CLT,LGA,544,33,90,0,,0,0,0,224,0,0
2008,5,5,1,1818,1820,2026,2039,US,707,N109UW,248,259,226,-13,-2,PHL,DEN,1557,5,17,0,,0,NA,NA,NA,NA,NA
2008,11,27,4,1231,1215,1414,1409,F9,835,N935FR,163,174,146,5,16,DEN,SEA,1024,6,11,0,,0,NA,NA,NA,NA,NA
2008,7,3,4,836,830,1003,955,AS,264,N617AS,87,85,57,8,6,SFO,LAX,337,10,20,0,,0,NA,NA,NA,NA,NA
2008,2,5,2,946,935,1105,1105,AA,851,N478AA,79,90,60,0,11,ORD,MSP,334,2,17,0,,0,NA,NA,NA,NA,NA
2008,3,26,3,623,630,1122,1136,CO,162,N18220,179,186,163,-14,-7,ONT,IAH,1334,4,12,0,,0,NA,NA,NA,NA,NA
2008,1,23,3,2000,1940,2256,2240,OO,2705,N479CA,116,120,87,16,20,MKE,RDU,689,3,26,0,,0,16,0,0,0,0
2008,8,17,7,851,851,942,945,MQ,3220,N304AE,51,54,32,-3,0,TYR,DFW,103,11,8,0,,0,NA,NA,NA,NA,NA
2008,10,1,3,1540,1545,1733,1740,MQ,3771,N816MQ,113,115,89,-7,-5,DFW,VPS,626,9,15,0,,0,NA,NA,NA,NA,NA
2008,9,21,7,1254,1250,1623,1630,AA,1534,N440AA,149,160,131,-7,4,DFW,DTW,987,8,10,0,,0,NA,NA,NA,NA,NA
2008,1,26,6,1200,1200,1405,1357,YV,2954,N987HA,125,117,97,8,0,TEX,PHX,387,8,20,0,,0,NA,NA,NA,NA,NA
2008,8,29,5,904,904,1045,1055,YV,7115,N17175,41,51,24,-10,0,ORD,GRR,137,5,12,0,,0,NA,NA,NA,NA,NA
2008,9,2,2,1444,1445,1524,1540,WN,610,N673AA,100,115,90,-16,-1,HOU,ELP,677,3,7,0,,0,NA,NA,NA,NA,NA
2008,9,24,3,739,735,907,912,CO,199,N16701,148,157,117,-5,4,IAH,DEN,861,9,22,0,,0,NA,NA,NA,NA,NA
2008,6,10,2,1030,1030,1809,1823,DL,1478,N3760C,279,293,256,-14,0,LAX,TPA,2158,8,15,0,,0,NA,NA,NA,NA,NA
2008,4,9,3,1250,1215,1409,1330,OO,2500,N986CA,79,75,57,39,35,MKE,MSP,297,7,15,0,,0,35,0,4,0,0
2008,9,4,4,927,938,1029,1021,OO,5457,N393SW,62,43,21,8,-11,OXR,LAX,49,36,5,0,,0,NA,NA,NA,NA,NA
2008,1,6,7,1142,1140,1424,1415,WN,2979,N797MX,282,275,254,9,2,MDW,LAX,1750,22,6,0,,0,NA,NA,NA,NA,NA
2008,3,11,2,1554,1600,1705,1717,US,2135,N713UW,71,77,50,-12,-6,BOS,LGA,185,10,11,0,,0,NA,NA,NA,NA,NA
2008,9,23,2,2239,2240,703,716,NW,218,N593NW,324,336,290,-13,-1,HNL,PDX,2603,6,28,0,,0,NA,NA,NA,NA,NA
2008,9,13,6,NA,1856,NA,1905,UA,551,,NA,69,NA,NA,NA,IND,ORD,177,NA,NA,1,A,0,NA,NA,NA,NA,NA
2008,9,9,2,835,840,938,940,WN,277,N723SW,63,60,50,-2,-5,STL,MDW,251,7,6,0,,0,NA,NA,NA,NA,NA
2008,1,8,2,1329,1305,1421,1400,WN,1685,N763SW,52,55,36,21,24,TUL,MCI,223,6,10,0,,0,0,0,0,0,21
2008,10,1,3,1203,1206,1334,1357,UA,1625,N488UA,91,111,77,-23,-3,DEN,BZN,525,5,9,0,,0,NA,NA,NA,NA,NA
2008,1,27,7,1009,1015,1221,1243,US,1491,N451UW,132,148,113,-22,-6,DCA,TPA,814,4,15,0,,0,NA,NA,NA,NA,NA
2008,9,27,6,1259,1245,1436,1425,WN,1238,N662SW,97,100,83,11,14,RNO,PHX,601,6,8,0,,0,NA,NA,NA,NA,NA
2008,3,8,6,1513,1343,1737,1554,NW,1724,N785NC,84,71,42,103,90,MKE,DTW,238,11,31,0,,0,7,0,13,0,83
2008,4,11,5,1611,1612,1757,1804,US,208,N155AW,106,112,93,-7,-1,SJC,PHX,621,4,9,0,,0,NA,NA,NA,NA,NA
2008,10,16,4,733,740,838,850,MQ,4330,N610MQ,125,130,104,-12,-7,BWI,ORD,622,9,12,0,,0,NA,NA,NA,NA,NA
2008,10,16,4,1105,1110,1417,1411,OH,6728,N806CA,132,121,117,6,-5,FSD,CVG,701,1,14,0,,0,NA,NA,NA,NA,NA
2008,3,8,6,946,917,1230,1135,9E,2874,89329E,164,138,117,55,29,DTW,SAV,706,5,42,0,,0,29,0,26,0,0
2008,10,1,3,1502,1505,1809,1820,AA,2222,N497AA,127,135,101,-11,-3,DFW,ATL,732,12,14,0,,0,NA,NA,NA,NA,NA
2008,9,1,1,1008,1004,1457,1458,UA,656,N325UA,169,174,143,-1,4,DEN,DTW,1123,8,18,0,,0,NA,NA,NA,NA,NA
2008,7,7,1,1011,1005,1130,1125,9E,3796,87219E,79,80,46,5,6,IND,DTW,231,10,23,0,,0,NA,NA,NA,NA,NA
2008,3,10,1,738,740,922,938,DL,1238,N990DL,104,118,77,-16,-2,CVG,LGA,585,5,22,0,,0,NA,NA,NA,NA,NA
2008,10,9,4,922,925,1028,1035,WN,1458,N499WN,66,70,54,-7,-3,BUR,OAK,325,5,7,0,,0,NA,NA,NA,NA,NA
2008,11,16,7,1506,1515,1652,1642,B6,137,N639JB,106,87,91,10,-9,ROC,JFK,264,4,11,0,,0,NA,NA,NA,NA,NA
2008,8,8,5,1754,1754,1915,1925,EV,4265,N635AS,81,91,68,-10,0,HHH,ATL,239,7,6,0,,0,NA,NA,NA,NA,NA
2008,8,21,4,642,645,930,954,UA,163,N511UA,348,369,325,-24,-3,BOS,LAX,2611,8,15,0,,0,NA,NA,NA,NA,NA
2008,1,31,4,2014,2015,2146,2048,OO,2585,N710BR,152,93,132,58,-1,PIT,MKE,431,8,12,0,,0,58,0,0,0,0
2008,10,29,3,1201,1210,1430,1439,9E,2001,91869E,89,89,66,-9,-9,LIT,ATL,453,10,13,0,,0,NA,NA,NA,NA,NA
2008,2,26,2,1719,1715,1840,1840,WN,3228,N214WN,81,85,67,0,4,SNA,SMF,404,4,10,0,,0,NA,NA,NA,NA,NA
2008,10,30,4,1142,1145,1306,1315,WN,35,N307SW,84,90,70,-9,-3,STL,OKC,462,3,11,0,,0,NA,NA,NA,NA,NA
2008,3,13,4,2141,2125,2306,2250,WN,431,N383SW,85,85,72,16,16,MDW,OMA,423,2,11,0,,0,16,0,0,0,0
2008,2,18,1,1803,1800,2016,2018,NW,1182,N320US,73,78,51,-2,3,MSN,DTW,312,8,14,0,,0,NA,NA,NA,NA,NA
2008,8,1,5,620,629,726,745,OO,5501,N236SW,66,76,56,-19,-9,BFL,SFO,238,3,7,0,,0,NA,NA,NA,NA,NA
2008,9,28,7,1108,1115,1239,1250,EV,4922,N681BR,91,95,70,-11,-7,ATL,CHO,457,2,19,0,,0,NA,NA,NA,NA,NA
2008,7,12,6,1143,1135,1707,1720,WN,333,N791SW,204,225,193,-13,8,RNO,MDW,1680,5,6,0,,0,NA,NA,NA,NA,NA
2008,8,29,5,1840,1825,2012,2010,WN,1724,N437WN,212,225,198,2,15,MSY,LAS,1501,4,10,0,,0,NA,NA,NA,NA,NA
2008,1,2,3,1223,1135,1428,1345,WN,628,N277WN,65,70,53,43,48,MDW,CLE,307,5,7,0,,0,19,0,0,0,24
